Full Address,Company,Type,Latitude,Longitude,Name
6209 Lake Michigan Drive Allendale  MI 49401,J&H,Gas Station,42.97255,-85.9414,J&H Gas Station
4842 Port Sheldon Road Hudsonville 49426,J&H,Gas Station,42.88504,-85.9041,J&H Gas Station
6363 - 136th Street Holland  MI 49424,J&H,Gas Station,42.88449,-86.1234,J&H Gas Station
1991 Baldwin Jenison  MI 49428,J&H,Gas Station,42.90732,-85.8312,J&H Gas Station
8407 Cottonwood Jenison  MI 49428,J&H,Gas Station,42.92102,-85.8107,J&H Gas Station
2271 Port Sheldon Street Jenison  MI 49428,J&H,Gas Station,42.88551,-85.8363,J&H Gas Station
5 West Main Street Zeeland  MI 49464,J&H,Gas Station,43.06287,-85.929,J&H Gas Station
12575 Riley Street Holland  MI 49424,J&H,Gas Station,42.82668,-86.0925,J&H Gas Station
4200 32nd Ave. Hudsonville  MI 49426,J&H,Gas Station,42.84882,-85.8613,J&H Gas Station
6420 Byron Road Zeeland  MI 49464,J&H,Gas Station,42.81183,-85.9471,J&H Gas Station
4380 Kenowa Grandville  MI 49418,J&H,Gas Station,42.88621,-85.7821,J&H Gas Station
3434 Remembrance Rd. Walker  MI 49534,J&H,Gas Station,42.99025,-85.7528,J&H Gas Station
9673 Adams Street Holland  MI 49424,J&H,Gas Station,42.80019,-86.1206,J&H Gas Station
1140 Ottawa Beach Road Holland  MI 49424,J&H,Gas Station,42.79399,-86.1542,J&H Gas Station
2257 Chicago Drive SW Wyoming  MI 49519,J&H,Gas Station,42.93154,-85.7216,J&H Gas Station
1122 Lincoln Avenue Holland  MI 49423,J&H,Gas Station,42.75912,-86.0969,J&H Gas Station
1229 Walker NW Grand Rapids  MI 49504,J&H,Gas Station,42.98158,-85.7107,J&H Gas Station
5568 Byron Center Avenue Wyoming  MI 49519,J&H,Gas Station,42.86326,-85.723,J&H Gas Station
1760 Alpine Ave NW Grand Rapids  MI 49504,J&H,Gas Station,42.99584,-85.6882,J&H Gas Station
293 84th St SW Byron Center  MI 49315,J&H,Gas Station,42.81187,-85.6692,J&H Gas Station
4360 Lincoln Road Holland  MI 49423,J&H,Gas Station,42.73353,-86.0616,J&H Gas Station
335 Burton SW Grand Rapids  MI 49507,J&H,Gas Station,42.92781,-85.6748,J&H Gas Station
1196 E Sternberg Muskegon  MI 49444,J&H,Gas Station,43.15445,-86.216,J&H Gas Station
4404 Clyde Park Ave SW Wyoming  MI 49509,J&H,Gas Station,42.88407,-85.6844,J&H Gas Station
2171 Plainfield Rd. NE Grand Rapids  MI 49505,J&H,Gas Station,43.00251,-85.6541,J&H Gas Station
460 76th Street Byron Center  MI 49315,J&H,Gas Station,42.82614,-85.6744,J&H Gas Station
3604 Lincoln Road Hamilton  MI 49419,J&H,Gas Station,42.68221,-86.0108,J&H Gas Station
8501 Algoma Ave. NE Rockford  MI 49341,J&H,Gas Station,43.1197,-85.611,J&H Gas Station
1331 142nd Street Wayland  MI 49348,J&H,Gas Station,42.72496,-85.6743,J&H Gas Station
4919 Town Center Drive Grand Rapids  MI 49512,J&H,Gas Station,42.85976,-85.5454,J&H Gas Station
3620 14 Mile Road Cedar Springs  MI 49319,J&H,Gas Station,43.17595,-85.5141,J&H Gas Station
6485 Belding Road Rockford  MI 49341,J&H,Gas Station,43.0864,-85.5084,J&H Gas Station
11800 Northland Drive Rockford  MI 49319,J&H,Gas Station,43.1802,-85.551,J&H Gas Station
5536 Holton Road Twin Lake  MI 49457,J&H,Gas Station,43.35571,-86.1674,J&H Gas Station
4475 Alden Nash Ave. Lowell  MI 49331,J&H,Gas Station,42.88054,-85.3711,J&H Gas Station
432 Lincoln Lake Ave SE Vergennes Township  MI 49331,J&H,Gas Station,42.95696,-85.3544,J&H Gas Station
1190  116th Ave. Martin  MI 49070,J&H,Gas Station,42.53699,-85.6539,J&H Gas Station
31774 W. Cannonsville Road Pierson  MI 49339,J&H,Gas Station,43.3378,-85.4865,J&H Gas Station
580 West Shaw Howard City  MI 49329,J&H,Gas Station,43.3957,-85.4615,J&H Gas Station
19504 Edgar Road Howard City  MI 49329,J&H,Gas Station,43.42489,-85.4715,J&H Gas Station
319 W. Main Street Stanton  MI 48888,J&H,Gas Station,43.29247,-85.0851,J&H Gas Station
4220 W. Polk Rd. Hart  MI 49420,J&H,Gas Station,43.68915,-86.3813,J&H Gas Station
1198 S. Harrison East Lansing  MI 48823,J&H,Gas Station,42.72042,-84.494,J&H Gas Station
3010 E. Lake Lansing Road East Lansing  MI 48823,J&H,Gas Station,42.75536,-84.4627,J&H Gas Station
2696 Chicago Drive SW Wyoming 49519,J&H,Headquarters,42.92589,-85.732,J&H Headquarters
1619 Chicago Drive SW Wyoming 49519,J&H,Bulk Plant,42.93562,-85.7068,J&H Bulk Plant
604 Water Street Cassopolis 49031,J&H,Bulk Plant,41.9081,-86.0068,J&H Bulk Plant
3980 44th Street Grandville MI 49418,Merle Boes,Gas Station,42.88444,-85.7619,Merle Boes Gas Station
2035 Lake Michigan Dr  Grand Rapids MI 49504,Merle Boes,Gas Station,42.97159,-85.7179,Merle Boes Gas Station
3110 Plainfield Ave NE  Grand Rapids MI 49505,Merle Boes,Gas Station,43.01863,-85.6394,Merle Boes Gas Station
11372 East Lakewood Blvd Holland MI 49424,Merle Boes,Gas Station,42.80475,-86.0725,Merle Boes Gas Station
9170 US-31 West Olive MI 49460,Merle Boes,Gas Station,42.90046,-86.2096,Merle Boes Gas Station
2411 28th St SE  Grand Rapids MI 49512,Merle Boes,Gas Station,42.91279,-85.608,Merle Boes Gas Station
372 East Lakewood Blvd  Holland MI 49424,Merle Boes,Gas Station,42.8046,-86.093,Merle Boes Gas Station
543 Chicago Drive  Holland MI 49423,Merle Boes,Gas Station,42.79532,-86.0841,Merle Boes Gas Station
1169 East Beltline NE  Grand Rapids MI 49525,Merle Boes,Gas Station,42.98379,-85.5909,Merle Boes Gas Station
2560 East Beltline SE  Grand Rapids MI 49546,Merle Boes,Gas Station,42.91607,-85.5839,Merle Boes Gas Station
2808 East Beltline NE  Grand Rapids MI 49525,Merle Boes,Gas Station,43.01533,-85.5899,Merle Boes Gas Station
762 Cabill Ave Holland MI 49423,Merle Boes,Gas Station,42.74602,-86.0733,Merle Boes Gas Station
3416 M-40  Hamilton MI 49419,Merle Boes,Gas Station,42.69386,-85.981,Merle Boes Gas Station
9633 Cherry Valley Caledonia Mi 49316,Merle Boes,Gas Station,42.74516,-85.5997,Merle Boes Gas Station
3592 East Apple Ave.  Muskegon MI 49442,Merle Boes,Gas Station,43.23443,-86.1572,Merle Boes Gas Station
782 West Norton Ave  Muskegon MI 49441,Merle Boes,Gas Station,43.19093,-86.2621,Merle Boes Gas Station
409 East Main Street  Fennville MI 49408,Merle Boes,Gas Station,42.59444,-86.1018,Merle Boes Gas Station
403 West Main St Lowell MI 49331,Merle Boes,Gas Station,42.93507,-85.3356,Merle Boes Gas Station
1515 South Patterson Road Wayland MI 49348,Merle Boes,Gas Station,42.62841,-85.544,Merle Boes Gas Station
11300 W M-179 HWY Middleville MI 49333,Merle Boes,Gas Station,42.6316,-85.5066,Merle Boes Gas Station
176 Whitehall Rd North Muskegon MI 49445,Merle Boes,Gas Station,43.26644,-86.2507,Merle Boes Gas Station
11372 E Lakewood Blvd Holland MI 49424,Merle Boes,Headquarters,42.80475,-86.0725,Merle Boes Headquarters
914 West Pickard St. Mount Pleasant  MI 48858,Coyne,Headquarters,43.61189,-84.7861,Coyne Headquarters
4986 M-115 Cadillac  MI 49601,Coyne,Bulk Plant,44.33528,-85.5491,Coyne Bulk Plant
513 W Fifth St Clare  MI 48617,Coyne,Bulk Plant,43.82109,-84.7778,Coyne Bulk Plant
10089 US 10 Evart  MI 49631,Coyne,Bulk Plant,43.90035,-85.2896,Coyne Bulk Plant
136 N Midland St Merrill  MI 48637,Coyne,Bulk Plant,43.41033,-84.3302,Coyne Bulk Plant
24501 Ecorse Road Taylor  MI 48180,Atlas,Headquarters,42.25548,-83.2747,Atlas Headquarters
1001 Fulkerson Road Niles  MI 49120,Atlas,Bulk Plant,41.78359,-86.2525,Atlas Bulk Plant
2925 Airport Highway Toledo  OH 43609,Atlas,Bulk Plant,41.62747,-83.6116,Atlas Bulk Plant
6360 Greenville Road Greenville  MI 48838,Petersen,Headquarters,43.20121,-85.2531,Petersen Headquarters
75 E Grand River Ave. Ionia  MI 48846,Petersen,Office,42.8862,-85.0723,Petersen Office
6360 Greenville Road Greenville  MI 48838,Petersen,Gas Station,43.20121,-85.2531,Petersen Gas Station
75 E Grand River Ave. Ionia  MI 48846,Petersen,Gas Station,42.8862,-85.0723,Petersen Gas Station
8057 Monroe Road Wheeler 48662,Corrigan,Bulk Plant,43.40811,-84.4491,Corrigan Bulk Plant
500 South Dix Detroit 48217,Corrigan,Bulk Plant,42.29094,-83.156,Corrigan Bulk Plant
7925 Napoleon Road Jackson 49201,Corrigan,Bulk Plant,42.16457,-84.263,Corrigan Bulk Plant
9050 MI State Road 52 Manchester 48158,Corrigan,Bulk Plant,42.18901,-84.0322,Corrigan Bulk Plant
11204 Cone Road Milan 48160,Corrigan,Bulk Plant,42.03319,-83.6855,Corrigan Bulk Plant
3057 Davenport Avenue Saginaw 48602,Corrigan,Bulk Plant,43.43777,-83.9815,Corrigan Bulk Plant
3015 Hill Avenue Toledo 43607,Corrigan,Bulk Plant,41.63794,-83.6143,Corrigan Bulk Plant
11818 Whitmore Lake Road Whitmore Lake 48189,Corrigan,Bulk Plant,42.42991,-83.769,Corrigan Bulk Plant
3810 11th Street Wyandotte 48192,Corrigan,Bulk Plant,42.194,-83.1664,Corrigan Bulk Plant
775 North 2nd Street Brighton 48116,Corrigan,Headquarters,42.53612,-83.7868,Corrigan Headquarters
3366 Holland Saginaw  MI 48601,Corrigan,Gas Station,43.41456,-83.8977,Corrigan Gas Station
4480 State Street Saginaw  MI 48602,Corrigan,Gas Station,43.43689,-84.004,Corrigan Gas Station
2791 Bay Road Saginaw  MI 48603,Corrigan,Gas Station,43.44618,-83.9756,Corrigan Gas Station
3670 East Washington Saginaw  MI 48601,Corrigan,Gas Station,43.4504,-83.8878,Corrigan Gas Station
408 South Michigan Avenue Saginaw  MI 48602,Corrigan,Gas Station,43.41544,-83.9668,Corrigan Gas Station
2303 Hess Street Saginaw  MI 48601,Corrigan,Gas Station,43.40053,-83.9359,Corrigan Gas Station
7015 Gratiot Saginaw  MI 48609,Corrigan,Gas Station,43.41561,-84.0522,Corrigan Gas Station
3540 State Street Saginaw  MI 48602,Corrigan,Gas Station,43.4368,-83.9912,Corrigan Gas Station
806 North Euclid Bay City  MI 48706,Corrigan,Gas Station,43.61056,-83.9147,Corrigan Gas Station
56 S tuscola Rd Bay City  MI 48708,Corrigan,Gas Station,43.56391,-83.8437,Corrigan Gas Station
1612 North West Avenue Jackson  MI 49202,Corrigan,Gas Station,42.26711,-84.4237,Corrigan Gas Station
3465 Page Ave Jackson  MI 49203,Corrigan,Gas Station,42.23952,-84.3533,Corrigan Gas Station
6010 Ann Arbor Road Jackson  MI 49201,Corrigan,Gas Station,42.27731,-84.311,Corrigan Gas Station
3930 Corunna Road Flint  MI 48532,Corrigan,Gas Station,43.00227,-83.7527,Corrigan Gas Station
8830 Main Street Birch Run  MI 48415,Corrigan,Gas Station,43.25003,-83.7798,Corrigan Gas Station
8010 N Dort Hwy Mt. Morris  MI 48458,Corrigan,Gas Station,43.12003,-83.676,Corrigan Gas Station
8340 Grand River Brighton  MI 48114,Corrigan,Gas Station,42.56215,-83.7921,Corrigan Gas Station
1500 South Opdyke Pontiac  MI 48341,Corrigan,Gas Station,42.61822,-83.2487,Corrigan Gas Station
15815 South Oakley Chesaning  MI 48616,Corrigan,Gas Station,43.18859,-84.1688,Corrigan Gas Station
105 West Saginaw Merrill  MI 48637,Corrigan,Gas Station,43.4101,-84.3313,Corrigan Gas Station
633 West Isabella Midland  MI 48640,Corrigan,Gas Station,43.61072,-84.3944,Corrigan Gas Station
551 West Columbia Street Mason  MI 48854,Corrigan,Gas Station,42.58206,-84.4517,Corrigan Gas Station
520 Pinconning Road Pinconning 48650  MI 48650,Corrigan,Gas Station,43.85451,-84.0658,Corrigan Gas Station
3003 Whitehall Rd Muskegon   MI 49445,Blarney Castle,Gas Station,43.31791,-86.2616,Blarney Castle Gas Station
5445 U.S. 10 Ludington   MI 49431,Blarney Castle,Gas Station,43.95603,-86.4161,Blarney Castle Gas Station
7640 U.S. 31 Alanson   MI 49706,Blarney Castle,Gas Station,45.4399,-84.7902,Blarney Castle Gas Station
4162 1st St Alba   MI 49611,Blarney Castle,Gas Station,44.9749,-84.9738,Blarney Castle Gas Station
1450 Bridge Ave Alma   MI 48801,Blarney Castle,Gas Station,43.39297,-84.6467,Blarney Castle Gas Station
6122 N State Rd Alma   MI 48801,Blarney Castle,Gas Station,43.36833,-84.6624,Blarney Castle Gas Station
2400 W Monroe Rd Alma   MI 48801,Blarney Castle,Gas Station,43.40807,-84.6539,Blarney Castle Gas Station
1035 W Chisholm St Alpena   MI 49707,Blarney Castle,Gas Station,45.07142,-83.444,Blarney Castle Gas Station
2222 U.S. 23 Alpena   MI 49707,Blarney Castle,Gas Station,45.04431,-83.4554,Blarney Castle Gas Station
1000 Hwy 32 Alpena   MI 49707,Blarney Castle,Gas Station,45.0498,-83.4449,Blarney Castle Gas Station
3623 Alpine Ave NW Comstock Park   MI 49321,Blarney Castle,Gas Station,43.02975,-85.6896,Blarney Castle Gas Station
1210 Michigan Ave Baldwin   MI 49304,Blarney Castle,Gas Station,43.86492,-85.8466,Blarney Castle Gas Station
1087 U.S. 31 Petoskey   MI 49770,Blarney Castle,Gas Station,45.36992,-84.9782,Blarney Castle Gas Station
12348 U.S. 31 Bear Lake   MI 49614,Blarney Castle,Gas Station,44.43288,-86.1279,Blarney Castle Gas Station
85 S Benzie Blvd Beulah   MI 49617,Blarney Castle,Gas Station,44.63171,-86.0921,Blarney Castle Gas Station
710 S State St Big Rapids   MI 49307,Blarney Castle,Gas Station,43.70615,-85.484,Blarney Castle Gas Station
9505 M-37 Baldwin   MI 49304,Blarney Castle,Gas Station,43.92923,-85.8408,Blarney Castle Gas Station
2568 U.S. 131 Boyne Falls   MI 49713,Blarney Castle,Gas Station,45.16428,-84.918,Blarney Castle Gas Station
4584 N High Bridge Rd Brethren   MI 49619,Blarney Castle,Gas Station,44.30601,-86.0213,Blarney Castle Gas Station
7586 N Woodbridge Rd White Cloud   MI 49349,Blarney Castle,Gas Station,43.65529,-85.8114,Blarney Castle Gas Station
1947 N Mitchell St Cadillac   MI 49601,Blarney Castle,Gas Station,44.27817,-85.4068,Blarney Castle Gas Station
6224 M-115 Cadillac   MI 49601,Blarney Castle,Gas Station,44.33528,-85.5491,Blarney Castle Gas Station
105 E Main St Carson City   MI 48811,Blarney Castle,Gas Station,43.17682,-84.8453,Blarney Castle Gas Station
1806 S Main St Central Lake   MI 49622,Blarney Castle,Gas Station,45.06047,-85.2642,Blarney Castle Gas Station
1460 Bridge St Charlevoix   MI 49720,Blarney Castle,Gas Station,45.31247,-85.2587,Blarney Castle Gas Station
12665 US-31 Charlevoix   MI 49720,Blarney Castle,Gas Station,45.32748,-85.2332,Blarney Castle Gas Station
365 US-31 Traverse City   MI 49685,Blarney Castle,Gas Station,44.7658,-85.6347,Blarney Castle Gas Station
10400 S Clare Ave Clare   MI 48617,Blarney Castle,Gas Station,43.83725,-84.7682,Blarney Castle Gas Station
3576 Heights Ravenna Rd Muskegon   MI 49444,Blarney Castle,Gas Station,43.19044,-86.1563,Blarney Castle Gas Station
5246 N Coleman Rd Coleman   MI 48618,Blarney Castle,Gas Station,43.76534,-84.5864,Blarney Castle Gas Station
4210 M-37 Baldwin   MI 49304,Blarney Castle,Gas Station,43.92923,-85.8408,Blarney Castle Gas Station
18866 Cadillac Hwy Copemish   MI 49625,Blarney Castle,Gas Station,44.47535,-85.9199,Blarney Castle Gas Station
7333 S Croton Hardy Dr Newaygo   MI 49337,Blarney Castle,Gas Station,43.44902,-85.6486,Blarney Castle Gas Station
2541 M-65 Curran   MI 48728,Blarney Castle,Gas Station,44.70559,-83.7875,Blarney Castle Gas Station
313 1st St Manistee   MI 49660,Blarney Castle,Gas Station,44.24561,-86.3185,Blarney Castle Gas Station
123 Pine St Spring Lake   MI 49456,Blarney Castle,Gas Station,43.07731,-86.2154,Blarney Castle Gas Station
18349 Hoxeyville Rd Wellston   MI 49689,Blarney Castle,Gas Station,44.17925,-85.9356,Blarney Castle Gas Station
651 Water St East Jordan   MI 49727,Blarney Castle,Gas Station,45.15396,-85.1399,Blarney Castle Gas Station
1st St 1st St Elk Rapids   MI 49629,Blarney Castle,Gas Station,44.89394,-85.4141,Blarney Castle Gas Station
2400 US-131 Elmira   MI 49730,Blarney Castle,Gas Station,45.06549,-84.8979,Blarney Castle Gas Station
9988 W Front St Empire   MI 49630,Blarney Castle,Gas Station,44.81127,-86.0543,Blarney Castle Gas Station
310 W 7th St Evart   MI 49631,Blarney Castle,Gas Station,43.90041,-85.2621,Blarney Castle Gas Station
567 E Houghton Lake Dr Denton Township   MI 48651,Blarney Castle,Gas Station,44.31414,-84.6314,Blarney Castle Gas Station
4946 Garfield Rd Kingsley   MI 49649,Blarney Castle,Gas Station,44.6139,-85.5261,Blarney Castle Gas Station
2421 Manistee Hwy Manistee   MI 49660,Blarney Castle,Gas Station,44.22274,-86.3065,Blarney Castle Gas Station
629 Main St Frankfort   MI 49635,Blarney Castle,Gas Station,44.63261,-86.2373,Blarney Castle Gas Station
1028 W Main St Fremont   MI 49412,Blarney Castle,Gas Station,43.46704,-85.9622,Blarney Castle Gas Station
2678 S Otsego Ave Gaylord   MI 49735,Blarney Castle,Gas Station,44.99357,-84.677,Blarney Castle Gas Station
1 S Beacon Blvd Grand Haven   MI 49417,Blarney Castle,Gas Station,43.06072,-86.2207,Blarney Castle Gas Station
608 Cedar St Grayling   MI 49738,Blarney Castle,Gas Station,44.66052,-84.7134,Blarney Castle Gas Station
608 S James St Grayling   MI 49738,Blarney Castle,Gas Station,44.66052,-84.7134,Blarney Castle Gas Station
115 E Washington St Greenville   MI 48838,Blarney Castle,Gas Station,43.17729,-85.2518,Blarney Castle Gas Station
3473 M-119 Harbor Springs   MI 49740,Blarney Castle,Gas Station,45.43168,-84.992,Blarney Castle Gas Station
105 Franklin St Harbor Springs   MI 49740,Blarney Castle,Gas Station,45.44203,-84.9906,Blarney Castle Gas Station
7701 S State St Harbor Springs   MI 49740,Blarney Castle,Gas Station,45.44667,-84.9904,Blarney Castle Gas Station
5778 N Clare Ave Harrison   MI 48625,Blarney Castle,Gas Station,44.06911,-84.7977,Blarney Castle Gas Station
701 N 1st St Harrison   MI 48625,Blarney Castle,Gas Station,44.0263,-84.8037,Blarney Castle Gas Station
449 US 23 Harrisville   MI 48740,Blarney Castle,Gas Station,44.6386,-83.3067,Blarney Castle Gas Station
223 N State St Hart   MI 49420,Blarney Castle,Gas Station,43.70481,-86.3635,Blarney Castle Gas Station
4279 W Polk Rd Hart   MI 49420,Blarney Castle,Gas Station,43.68887,-86.3822,Blarney Castle Gas Station
11 N Division St Hesperia   MI 49421,Blarney Castle,Gas Station,43.56884,-86.0398,Blarney Castle Gas Station
12481 James St Holland   MI 49424,Blarney Castle,Gas Station,42.81218,-86.0893,Blarney Castle Gas Station
5175 W Houghton Lake Dr Houghton Lake   MI 48629,Blarney Castle,Gas Station,44.30007,-84.7423,Blarney Castle Gas Station
4524 S Straits Hwy Indian River   MI 49749,Blarney Castle,Gas Station,45.37399,-84.6296,Blarney Castle Gas Station
6220 M-68 Indian River   MI 49749,Blarney Castle,Gas Station,45.44721,-84.578,Blarney Castle Gas Station
9419 U.S. 31 Interlochen   MI 49643,Blarney Castle,Gas Station,44.65894,-85.8162,Blarney Castle Gas Station
5456 West 10 1/2 Mile Road Irons   MI 49644,Blarney Castle,Gas Station,44.14049,-85.9119,Blarney Castle Gas Station
1427 E Washington Rd Ithaca   MI 48847,Blarney Castle,Gas Station,43.2918,-84.5763,Blarney Castle Gas Station
1420 E Center St Ithaca   MI 48847,Blarney Castle,Gas Station,43.2915,-84.5927,Blarney Castle Gas Station
14210 9 Mile Rd Kaleva   MI 49645,Blarney Castle,Gas Station,44.37793,-86.0412,Blarney Castle Gas Station
414 N Main St Lake City   MI 49651,Blarney Castle,Gas Station,44.33815,-85.2146,Blarney Castle Gas Station
3206 W Saginaw St Lansing   MI 48917,Blarney Castle,Gas Station,42.74122,-84.5924,Blarney Castle Gas Station
7404 W Saginaw Hwy Lansing   MI 48917,Blarney Castle,Gas Station,42.7412,-84.66,Blarney Castle Gas Station
6300 W St Joe Hwy Lansing   MI 48917,Blarney Castle,Gas Station,42.72673,-84.6399,Blarney Castle Gas Station
1700 S Waverly Rd Lansing   MI 48917,Blarney Castle,Gas Station,42.71365,-84.603,Blarney Castle Gas Station
5985 US-10 Ludington   MI 49431,Blarney Castle,Gas Station,43.956,-86.4277,Blarney Castle Gas Station
608 S Williams St Mancelona   MI 49659,Blarney Castle,Gas Station,44.89537,-85.0684,Blarney Castle Gas Station
216 W Kipp Rd Mason   MI 48854,Blarney Castle,Gas Station,42.56757,-84.4403,Blarney Castle Gas Station
445 W Mesick Ave Mesick   MI 49668,Blarney Castle,Gas Station,44.40581,-85.7244,Blarney Castle Gas Station
5300 W Cleveland Rd Middleton   MI 48856,Blarney Castle,Gas Station,43.17612,-84.751,Blarney Castle Gas Station
509 Munson Ave Traverse City   MI 49686,Blarney Castle,Gas Station,44.75688,-85.5757,Blarney Castle Gas Station
1911 S Mission St Mt Pleasant   MI 48858,Blarney Castle,Gas Station,43.588,-84.7674,Blarney Castle Gas Station
718 S Mission St Mt Pleasant   MI 48858,Blarney Castle,Gas Station,43.59736,-84.7677,Blarney Castle Gas Station
5612 E Pickard Rd Mt Pleasant   MI 48858,Blarney Castle,Gas Station,43.61135,-84.7317,Blarney Castle Gas Station
401 M-28 Munising   MI 49862,Blarney Castle,Gas Station,46.41106,-86.6479,Blarney Castle Gas Station
68 State Rd Newaygo   MI 49337,Blarney Castle,Gas Station,43.41905,-85.8013,Blarney Castle Gas Station
1385 Holton Rd Muskegon   MI 49445,Blarney Castle,Gas Station,43.27782,-86.2359,Blarney Castle Gas Station
3416 Henry St Muskegon   MI 49441,Blarney Castle,Gas Station,43.19058,-86.2633,Blarney Castle Gas Station
11956 Cleveland St Nunica   MI 49448,Blarney Castle,Gas Station,43.074,-86.0856,Blarney Castle Gas Station
48 S Coleman Rd Mt Pleasant   MI 48858,Blarney Castle,Gas Station,43.60762,-84.5882,Blarney Castle Gas Station
11596 US-23 Sanborn Township   MI 49766,Blarney Castle,Gas Station,44.90932,-83.4429,Blarney Castle Gas Station
1021 E Parkdale Ave Manistee   MI 49660,Blarney Castle,Gas Station,44.27062,-86.2833,Blarney Castle Gas Station
945 Butternut Dr Holland   MI 49424,Blarney Castle,Gas Station,42.82671,-86.1342,Blarney Castle Gas Station
5667 Pleasantview Rd Harbor Springs   MI 49740,Blarney Castle,Gas Station,45.46663,-84.9131,Blarney Castle Gas Station
10706 Michigan Ave Posen   MI 49776,Blarney Castle,Gas Station,45.26809,-83.699,Blarney Castle Gas Station
2403 W Houghton Lake Dr Denton Township   MI 48651,Blarney Castle,Gas Station,44.29852,-84.6852,Blarney Castle Gas Station
8227 Rapid City Rd NW Rapid City   MI 49676,Blarney Castle,Gas Station,44.83456,-85.2829,Blarney Castle Gas Station
22522 U.S. 10 Reed City   MI 49677,Blarney Castle,Gas Station,43.88761,-85.533,Blarney Castle Gas Station
3559 W Wheatland Ave Remus   MI 49340,Blarney Castle,Gas Station,43.59668,-85.149,Blarney Castle Gas Station
912 S Main St Cheboygan   MI 49721,Blarney Castle,Gas Station,45.62925,-84.4794,Blarney Castle Gas Station
101 S Bradley Hwy Rogers City   MI 49779,Blarney Castle,Gas Station,45.41026,-83.8251,Blarney Castle Gas Station
619 S Bennett St Rose City   MI 48654,Blarney Castle,Gas Station,44.41522,-84.1161,Blarney Castle Gas Station
423 US-10 Scottville   MI 49454,Blarney Castle,Gas Station,43.95498,-86.2724,Blarney Castle Gas Station
6037 30th Ave Sears   MI 49679,Blarney Castle,Gas Station,43.90134,-85.1478,Blarney Castle Gas Station
550 E Wright Ave Shepherd   MI 48883,Blarney Castle,Gas Station,43.52408,-84.6852,Blarney Castle Gas Station
130 S Main St Sheridan   MI 48884,Blarney Castle,Gas Station,43.21091,-85.0738,Blarney Castle Gas Station
210 E Spruce St Sault Ste. Marie   MI 49783,Blarney Castle,Gas Station,46.49685,-84.3455,Blarney Castle Gas Station
709 W 3 Mile Rd Sault Ste. Marie   MI 49783,Blarney Castle,Gas Station,46.46321,-84.3732,Blarney Castle Gas Station
5028 Main St Onekama   MI 49675,Blarney Castle,Gas Station,44.3628,-86.2005,Blarney Castle Gas Station
3600 S US 27 St Johns   MI 48879,Blarney Castle,Gas Station,42.9659,-84.5425,Blarney Castle Gas Station
1801 Old U.S. 27 St Johns   MI 48879,Blarney Castle,Gas Station,42.94299,-84.5431,Blarney Castle Gas Station
200 S State St St Ignace   MI 49781,Blarney Castle,Gas Station,45.86808,-84.7247,Blarney Castle Gas Station
917 U.S. 2 Saint Ignace   MI 49781,Blarney Castle,Gas Station,45.85667,-84.7343,Blarney Castle Gas Station
101 E State St Scottville   MI 49454,Blarney Castle,Gas Station,43.95468,-86.2781,Blarney Castle Gas Station
315 E Parkdale Ave Manistee   MI 49660,Blarney Castle,Gas Station,44.26863,-86.2958,Blarney Castle Gas Station
5260 Main St Onekama   MI 49675,Blarney Castle,Gas Station,44.36153,-86.1965,Blarney Castle Gas Station
2925 Cass Rd Traverse City   MI 49684,Blarney Castle,Gas Station,44.72692,-85.626,Blarney Castle Gas Station
528 W Fourteenth St Traverse City   MI 49684,Blarney Castle,Gas Station,44.69396,-85.6763,Blarney Castle Gas Station
20027 180th Ave Tustin   MI 49688,Blarney Castle,Gas Station,44.10345,-85.4444,Blarney Castle Gas Station
8534 Mill St Vanderbilt   MI 49795,Blarney Castle,Gas Station,45.14683,-84.6644,Blarney Castle Gas Station
10553 N Old 27 Gaylord   MI 49735,Blarney Castle,Gas Station,45.17991,-84.6732,Blarney Castle Gas Station
3011 N Woodruff Rd Weidman   MI 48893,Blarney Castle,Gas Station,43.6834,-84.9686,Blarney Castle Gas Station
11240 W Olive Rd Grand Haven   MI 49417,Blarney Castle,Gas Station,43.00126,-86.2005,Blarney Castle Gas Station
7961 S Winn Rd Mt Pleasant   MI 48858,Blarney Castle,Gas Station,43.58813,-84.9077,Blarney Castle Gas Station
12218 West Street Bear Lake MI 49614,Blarney Castle,Headquarters,44.42009,-86.1511,Blarney Castle Headquarters
2222 US 23 South Alpena MI 49707,Blarney Castle,Bulk Plant,45.04431,-83.4554,Blarney Castle Bulk Plant
6416 Riggsville Road Cheboygan MI 49721,Blarney Castle,Bulk Plant,45.57703,-84.6248,Blarney Castle Bulk Plant
2685 Holton Road North Muskegon MI 49445,Blarney Castle,Bulk Plant,43.3037,-86.193,Blarney Castle Bulk Plant
7245 South Rapid City Road Rapid City MI 49676,Blarney Castle,Bulk Plant,44.81972,-85.283,Blarney Castle Bulk Plant
22522 US 10 Reed City MI 49677,Blarney Castle,Bulk Plant,43.88761,-85.533,Blarney Castle Bulk Plant
578 W US 10 Scottville MI 49454,Blarney Castle,Bulk Plant,43.95467,-86.2705,Blarney Castle Bulk Plant
10827 E Carter Road Traverse City MI 49684,Blarney Castle,Bulk Plant,44.78077,-85.6408,Blarney Castle Bulk Plant
1811 Armstrong Street Portage  IN 46368,Van Manen,Pacific Pride Cardlock,41.59959,-87.1727,Van Manen Pacific Pride Cardlock
1177 Lincoln Road Allegan  MI 49010,Van Manen,Pacific Pride Cardlock,42.50435,-85.7993,Van Manen Pacific Pride Cardlock
2200 West Dickman Road Battle Creek  MI 49037,Van Manen,Pacific Pride Cardlock,42.31878,-85.2218,Van Manen Pacific Pride Cardlock
7599 Clyde Park SW Byron Center  MI 49315,Van Manen,Pacific Pride Cardlock,42.81805,-85.6813,Van Manen Pacific Pride Cardlock
15652 68th Ave Coopersville  MI 49404,Van Manen,Pacific Pride Cardlock,43.04568,-85.9566,Van Manen Pacific Pride Cardlock
3744 3 Mile Rd NW Grand Rapids  MI 49544-1234,Van Manen,Pacific Pride Cardlock,42.99383,-85.7451,Van Manen Pacific Pride Cardlock
150 Pleasant St SW Grand Rapids  MI 49503,Van Manen,Pacific Pride Cardlock,42.95325,-85.6706,Van Manen Pacific Pride Cardlock
3611 Eastern SE Grand Rapids  MI 49508,Van Manen,Pacific Pride Cardlock,42.89806,-85.6464,Van Manen Pacific Pride Cardlock
O-305 Lake Michigan Dr Grand Rapids  MI 49534,Van Manen,Headquarters,42.96444,-85.7872,Van Manen Headquarters
2763 Madison SE Grand Rapids  MI 49507,Van Manen,Pacific Pride Cardlock,42.91333,-85.6571,Van Manen Pacific Pride Cardlock
2400 Turner Ave NW Grand Rapids  MI 49544,Van Manen,Pacific Pride Cardlock,43.00688,-85.6789,Van Manen Pacific Pride Cardlock
4245 Corporate Exchange Dr Hudsonville  MI 49426,Van Manen,Pacific Pride Cardlock,42.84589,-85.8556,Van Manen Pacific Pride Cardlock
2353 Wilshere Jenison  MI 49428,Van Manen,Pacific Pride Cardlock,42.88926,-85.8406,Van Manen Pacific Pride Cardlock
3320 Ravine Road Kalamazoo  MI 49006,Van Manen,Pacific Pride Cardlock,42.31466,-85.6305,Van Manen Pacific Pride Cardlock
3821 Stadium Drive Kalamazoo  MI 49008,Van Manen,Pacific Pride Cardlock,42.27067,-85.6383,Van Manen Pacific Pride Cardlock
4121 36th St SE  Kentwood  MI 49512,Van Manen,Pacific Pride Cardlock,42.89819,-85.5656,Van Manen Pacific Pride Cardlock
11630 E. Fulton St Lowell  MI 49331,Van Manen,Pacific Pride Cardlock,42.92987,-85.3841,Van Manen Pacific Pride Cardlock
1613 North Main Martin  MI 49070,Van Manen,Pacific Pride Cardlock,42.53771,-85.6415,Van Manen Pacific Pride Cardlock
1198 M-89 Plainwell  MI 49080,Van Manen,Pacific Pride Cardlock,42.45007,-85.66,Van Manen Pacific Pride Cardlock
72400 County Road 388 South Haven  MI 49090,Van Manen,Pacific Pride Cardlock,42.40309,-86.2736,Van Manen Pacific Pride Cardlock
5755 Clay Ave Wyoming  MI 49548,Van Manen,Pacific Pride Cardlock,42.85969,-85.6764,Van Manen Pacific Pride Cardlock
3454 12th Street Wayland  MI 49348,Van Manen,Pacific Pride Cardlock,42.6718,-85.662,Van Manen Pacific Pride Cardlock
150 Pleasant St SW Grand Rapids MI 49503,Van Manen,Pacific Pride Cardlock,42.95325,-85.6706,Van Manen Pacific Pride Cardlock
36065 Water Street Richmond  MI 48062,Foster Blue Water,Headquarters,42.83891,-82.7996,Foster Blue Water Headquarters
69120 Foster Road Richmond  MI 48062,Foster Blue Water,Bulk Plant,43.12146,-83.3196,Foster Blue Water Bulk Plant
448 Country Center Lapeer  MI 48446,Foster Blue Water,Bulk Plant,43.34302,-83.8323,Foster Blue Water Bulk Plant
6101 Baron Drive Bridgeport  MI 48722,Foster Blue Water,Bulk Plant,43.7378,-83.9333,Foster Blue Water Bulk Plant
1694 Marquette Avenue Bay City  MI 48707,Foster Blue Water,Bulk Plant,43.00147,-84.8439,Foster Blue Water Bulk Plant
326 East Main Street Pewamo  MI 48873,Foster Blue Water,Bulk Plant,43.60666,-84.2287,Foster Blue Water Bulk Plant
1602 East Grove Midland  MI 48640,Foster Blue Water,Bulk Plant,44.06241,-84.8039,Foster Blue Water Bulk Plant
5180 North Clare Harrison  MI 48625,Foster Blue Water,Bulk Plant,44.27662,-84.0774,Foster Blue Water Bulk Plant
1985 West Tawas Road West Branch  MI 48661,Foster Blue Water,Bulk Plant,44.64528,-84.13,Foster Blue Water Bulk Plant
308 South Morenci Avenue Mio  MI 48647,Foster Blue Water,Bulk Plant,43.21258,-82.5276,Foster Blue Water Bulk Plant
7430 South Lakeshore Dr Lexington  MI 48450,Foster Blue Water,Bulk Plant,42.81201,-82.7529,Foster Blue Water Bulk Plant
4565 Gratiot Road Smiths Creek  MI 48074,Foster Blue Water,Pacific Pride Cardlock,42.90947,-82.5005,Foster Blue Water Pacific Pride Cardlock
37150 31 Mile Road Richmond  MI 48062,Foster Blue Water,Pacific Pride Cardlock,42.83891,-82.7996,Foster Blue Water Pacific Pride Cardlock
2319 24th Street Port Huron  MI 48060,Foster Blue Water,Pacific Pride Cardlock,42.9584,-82.4521,Foster Blue Water Pacific Pride Cardlock
4664 24th Avenue Fort Gratiot  MI 48059,Foster Blue Water,Pacific Pride Cardlock,43.04373,-82.4568,Foster Blue Water Pacific Pride Cardlock
6040 King Road Marine City  MI 48039,Foster Blue Water,Pacific Pride Cardlock,42.72747,-82.5101,Foster Blue Water Pacific Pride Cardlock
2288 Refinery Rd. West Branch  MI 48661,Foster Blue Water,Pacific Pride Cardlock,44.26937,-84.2307,Foster Blue Water Pacific Pride Cardlock
5170 N Clare Ave Harrison  MI 48625,Foster Blue Water,Pacific Pride Cardlock,44.0623,-84.804,Foster Blue Water Pacific Pride Cardlock
2278 N Meridian Sanford  MI 48657,Foster Blue Water,Pacific Pride Cardlock,43.67797,-84.3683,Foster Blue Water Pacific Pride Cardlock
1920 James Savage Rd. Midland  MI 48642,Foster Blue Water,Pacific Pride Cardlock,43.61089,-84.2064,Foster Blue Water Pacific Pride Cardlock
1602 East Grove St Midland  MI 48640,Foster Blue Water,Pacific Pride Cardlock,43.60666,-84.2287,Foster Blue Water Pacific Pride Cardlock
3200 Capac Rd Capac  MI 48014,Foster Blue Water,Pacific Pride Cardlock,42.98501,-82.9275,Foster Blue Water Pacific Pride Cardlock
1754 Alpine Avenue NW Grand Rapids MI 49504,Crystal Flash,Headquarters,42.995664,-85.688199,Crystal Flash Headquarters
5051 E M-115 Rd Cadillac MI 49601,Crystal Flash,Bulk Plant,44.2647073,-85.4673351,Crystal Flash Bulk Plant
1102 Lincoln Lake Lowell MI 49331,Crystal Flash,Bulk Plant,42.944005,-85.346913,Crystal Flash Bulk Plant
420 N State St Gladwin MI 48624,Crystal Flash,Bulk Plant,43.983466,-84.482694,Crystal Flash Bulk Plant
1021 E Michigan Marshall MI 49068,Crystal Flash,Bulk Plant,42.276478,-84.931235,Crystal Flash Bulk Plant
87 Jerome St Monroe MI 48161,Crystal Flash,Bulk Plant,41.91238,-83.389605,Crystal Flash Bulk Plant
7667 E 36th St Newaygo MI 49337,Crystal Flash,Bulk Plant,43.490217,-85.610936,Crystal Flash Bulk Plant
605 Industrial Park Dr Greenville MI 48838,Crystal Flash,Bulk Plant,43.192143,-85.230538,Crystal Flash Bulk Plant
59561 S Lagrave St Paw Paw MI 49079,Crystal Flash,Bulk Plant,42.202085,-85.874561,Crystal Flash Bulk Plant
4523 134th Ave Hamilton MI 49419,Crystal Flash,Bulk Plant,42.66656,-85.989827,Crystal Flash Bulk Plant
225 Elm St Schoolcraft MI 49087,Crystal Flash,Bulk Plant,42.135078,-85.656846,Crystal Flash Bulk Plant
16309 County Rd Hillman MI 49746,Crystal Flash,Bulk Plant,45.065468,-83.899515,Crystal Flash Bulk Plant
896 West Blue Star Dr Traverse City MI 49685,Crystal Flash,Bulk Plant,44.698246,-85.654642,Crystal Flash Bulk Plant
1231 Holton Rd Muskegon MI 49445,Crystal Flash,Bulk Plant,43.274659,-86.239409,Crystal Flash Bulk Plant