Street,Zip,"Full Address",Icon,Latitude,Longitude,"Accuracy Score","Accuracy Type",Number,Street,City,State,County,Zip,Country
"Allendale Mobil 6209 Lake Michigan Drive Allendale, MI",49401,"Allendale Mobil 6209 Lake Michigan Drive Allendale, MI 49401",rec_gas_stations,42.979522,-85.93927,1,place,,,Allendale,MI,"Ottawa County",49401,US
"Countryside Mobil 4842 Port Sheldon Road Hudsonville",49426,"Countryside Mobil 4842 Port Sheldon Road Hudsonville 49426",rec_gas_stations,42.861575,-85.935917,1,place,,,Hudsonville,MI,"Ottawa County",49426,US
"Olive Exxon 6363 - 136th Street Holland, MI",49424,"Olive Exxon 6363 - 136th Street Holland, MI 49424",rec_gas_stations,42.843818,-86.134355,1,place,,,Holland,MI,"Ottawa County",49424,US
"Jenison Mobil 1991 Baldwin Jenison, MI",49428,"Jenison Mobil 1991 Baldwin Jenison, MI 49428",rec_gas_stations,42.771413,-86.194997,1,street_center,,"Jenison Ave",Holland,MI,"Ottawa County",49423,US
"Cottonwood Express 8407 Cottonwood Jenison, MI",49428,"Cottonwood Express 8407 Cottonwood Jenison, MI 49428",rec_gas_stations,42.918267,-85.806865,1,street_center,,"Cottonwood Dr",Jenison,MI,"Ottawa County",49428,US
"Georgetown 2271 Port Sheldon Street Jenison, MI",49428,"Georgetown 2271 Port Sheldon Street Jenison, MI 49428",rec_gas_stations,42.90701,-85.827829,1,street_center,,"Georgetown Center Dr",Jenison,MI,"Ottawa County",49428,US
"West Side Mobil 5 West Main Street Zeeland, MI",49464,"West Side Mobil 5 West Main Street Zeeland, MI 49464",rec_gas_stations,42.869816,-85.969722,1,place,,,Zeeland,MI,"Ottawa County",49464,US
"West Shore Mobil 12575 Riley Street Holland, MI",49424,"West Shore Mobil 12575 Riley Street Holland, MI 49424",rec_gas_stations,42.843818,-86.134355,1,place,,,Holland,MI,"Ottawa County",49424,US
"Valley View Mobil 4200 - 32nd Ave. Hudsonville, MI",49426,"Valley View Mobil 4200 - 32nd Ave. Hudsonville, MI 49426",rec_gas_stations,42.856537,-85.855505,1,street_center,,"Valley Ave",Hudsonville,MI,"Ottawa County",49426,US
"Vriesland Country Store 6420 Byron Road Zeeland, MI",49464,"Vriesland Country Store 6420 Byron Road Zeeland, MI 49464",rec_gas_stations,42.869816,-85.969722,1,place,,,Zeeland,MI,"Ottawa County",49464,US
"4380 Kenowa Grandville, MI",49418,"4380 Kenowa Grandville, MI 49418",rec_gas_stations,42.886208,-85.782107,1,range_interpolation,4380,"Kenowa Ave",Grandville,MI,"Kent County",49418,US
"Remembrance Marathon 3434 Remembrance Rd. Walker, MI",49534,"Remembrance Marathon 3434 Remembrance Rd. Walker, MI 49534",rec_gas_stations,42.996873,-85.761799,1,street_center,,"Remembrance Rd NW","Grand Rapids",MI,"Kent County",49534,US
"Oasis Mobil 9673 Adams Street Holland, MI",49424,"Oasis Mobil 9673 Adams Street Holland, MI 49424",rec_gas_stations,42.843818,-86.134355,1,place,,,Holland,MI,"Ottawa County",49424,US
"Park Township Mobil 1140 Ottawa Beach Road Holland, MI",49424,"Park Township Mobil 1140 Ottawa Beach Road Holland, MI 49424",rec_gas_stations,42.788889,-86.135824,1,street_center,,"Park St",Holland,MI,"Ottawa County",49424,US
"Pit Stop Mobil 2257 Chicago Drive SW Wyoming, MI",49519,"Pit Stop Mobil 2257 Chicago Drive SW Wyoming, MI 49519",rec_gas_stations,42.895737,-85.718265,0.7,place,,,Wyoming,MI,"Kent County",49519,US
"Windmill Mobil 1122 Lincoln Avenue Holland, MI",49423,"Windmill Mobil 1122 Lincoln Avenue Holland, MI 49423",rec_gas_stations,42.743806,-86.083703,1,place,,,Holland,MI,"Ottawa County",49423,US
" 1229 Walker NW Grand Rapids, MI",49504," 1229 Walker NW Grand Rapids, MI 49504",rec_gas_stations,42.981579,-85.7107,0.3,place,,,Walker,MI,"Kent County",49504,US
"Gezon Mobil 5568 Byron Center Avenue Wyoming, MI",49519,"Gezon Mobil 5568 Byron Center Avenue Wyoming, MI 49519",rec_gas_stations,42.862235,-85.706811,1,street_center,,"Gezon Ct",Wyoming,MI,"Kent County",49519,US
"Alpine Mobil 1760 Alpine Ave NW Grand Rapids, MI",49504,"Alpine Mobil 1760 Alpine Ave NW Grand Rapids, MI 49504",rec_gas_stations,42.985987,-85.688088,1,street_center,,"Alpine Dr","Grand Rapids",MI,"Kent County",49504,US
"Mall View 293 84th St SW Byron Center, MI",49315,"Mall View 293 84th St SW Byron Center, MI 49315",rec_gas_stations,42.81212,-85.72793,1,place,,,"Byron Center",MI,"Kent County",49315,US
"Tulip City Truck Stop 4360 Lincoln Road Holland, MI",49423,"Tulip City Truck Stop 4360 Lincoln Road Holland, MI 49423",rec_gas_stations,42.782982,-86.093834,1,street_center,,"Tulip Blvd",Holland,MI,"Ottawa County",49423,US
"335 Burton SW Grand Rapids, MI",49507,"335 Burton SW Grand Rapids, MI 49507",rec_gas_stations,42.927812,-85.674753,1,range_interpolation,335,"Burton St","Grand Rapids",MI,"Kent County",49507,US
"1196 E Sternberg Muskegon, MI",49444,"1196 E Sternberg Muskegon, MI 49444",rec_gas_stations,43.154448,-86.215973,1,range_interpolation,1196,"E Sternberg Rd",Muskegon,MI,"Muskegon County",49444,US
"Clyde Park 4404 Clyde Park Ave SW Wyoming, MI",49509,"Clyde Park 4404 Clyde Park Ave SW Wyoming, MI 49509",rec_gas_stations,42.897707,-85.692805,0.9,place,,,Wyoming,MI,"Kent County",49509,US
"Plainfield Marathon 2171 Plainfield Rd. NE Grand Rapids, MI",49505,"Plainfield Marathon 2171 Plainfield Rd. NE Grand Rapids, MI 49505",rec_gas_stations,43.001043,-85.655127,1,street_center,,"Plainfield Ct","Grand Rapids",MI,"Kent County",49505,US
"76th Street Auto / Truck Plaza 460 76th Street Byron Center, MI",49315,"76th Street Auto / Truck Plaza 460 76th Street Byron Center, MI 49315",rec_gas_stations,42.82667,-85.705859,1,street_center,,"76th St SW","Byron Center",MI,"Kent County",49315,US
"Hamilton Mobil 3604 Lincoln Road Hamilton, MI",49419,"Hamilton Mobil 3604 Lincoln Road Hamilton, MI 49419",rec_gas_stations,42.822598,-83.943002,1,street_center,,Hamilton,Byron,MI,"Shiawassee County",48418,US
"Rockford Mobil 8501 Algoma Ave. NE Rockford, MI",49341,"Rockford Mobil 8501 Algoma Ave. NE Rockford, MI 49341",rec_gas_stations,43.114681,-85.467003,1,street_center,,"Rockford Pnes",Rockford,MI,"Kent County",49341,US
"Dorr Exxon Truck Stop 1331 - 142nd Street Wayland, MI",49348,"Dorr Exxon Truck Stop 1331 - 142nd Street Wayland, MI 49348",rec_gas_stations,42.685065,-85.642406,1,place,,,Wayland,MI,"Allegan County",49348,US
"Meadowbrooke Mobil 4919 Town Center Drive Grand Rapids, MI",49512,"Meadowbrooke Mobil 4919 Town Center Drive Grand Rapids, MI 49512",rec_gas_stations,42.923806,-85.59843,1,street_center,,"Meadowbrook St SE","Grand Rapids",MI,"Kent County",49546,US
"Northern Springs Mobil 3620 - 14 Mile Road Cedar Springs, MI",49319,"Northern Springs Mobil 3620 - 14 Mile Road Cedar Springs, MI 49319",rec_gas_stations,42.914983,-85.54355,1,street_center,,"Northern Dr SE","Grand Rapids",MI,"Kent County",49512,US
"Lake Bella Vista Mobil 6485 Belding Road Rockford, MI",49341,"Lake Bella Vista Mobil 6485 Belding Road Rockford, MI 49341",rec_gas_stations,43.132429,-85.551631,1,place,,,Rockford,MI,"Kent County",49341,US
"Cedar Rock Mobil 11800 Northland Drive Rockford, MI",49319,"Cedar Rock Mobil 11800 Northland Drive Rockford, MI 49319",rec_gas_stations,43.218979,-85.553923,1,street_center,,"Cedar St NE","Cedar Springs",MI,"Kent County",49319,US
"Twin Lake Marathon 5536 Holton Road Twin Lake, MI",49457,"Twin Lake Marathon 5536 Holton Road Twin Lake, MI 49457",rec_gas_stations,43.358015,-86.157722,1,place,,,"Twin Lake",MI,"Muskegon County",49457,US
"Lowell Mobil 4475 Alden Nash Ave. Lowell, MI",49331,"Lowell Mobil 4475 Alden Nash Ave. Lowell, MI 49331",rec_gas_stations,42.969378,-85.384134,1,place,,,Lowell,MI,"Kent County",49331,US
"Fallasburg Mobil 432 Lincoln Lake Ave SE Vergennes Township, MI",49331,"Fallasburg Mobil 432 Lincoln Lake Ave SE Vergennes Township, MI 49331",rec_gas_stations,42.969378,-85.384134,0.67,place,,,Lowell,MI,"Kent County",49331,US
"Martin Marathon 1190 - 116th Ave. Martin, MI",49070,"Martin Marathon 1190 - 116th Ave. Martin, MI 49070",rec_gas_stations,42.679318,-86.003127,1,street_center,,"Martin St",Hamilton,MI,"Allegan County",49419,US
"Pierson Mobil 31774 W. Cannonsville Road Pierson, MI",49339,"Pierson Mobil 31774 W. Cannonsville Road Pierson, MI 49339",rec_gas_stations,43.323104,-85.49122,1,street_center,,"Pierson Rd",Pierson,MI,"Montcalm County",49339,US
"Howard City Mobil 580 West Shaw Howard City, MI",49329,"Howard City Mobil 580 West Shaw Howard City, MI 49329",rec_gas_stations,43.431858,-85.45661,1,street_center,,"Howard City Edmore Rd","Howard City",MI,"Montcalm County",49329,US
"M-46 Auto / Truck Plaza 19504 Edgar Road Howard City, MI",49329,"M-46 Auto / Truck Plaza 19504 Edgar Road Howard City, MI 49329",rec_gas_stations,43.382007,-85.442836,1,place,,,"Howard City",MI,"Montcalm County",49329,US
"Stanton Mobil 319 W. Main Street Stanton, MI",48888,"Stanton Mobil 319 W. Main Street Stanton, MI 48888",rec_gas_stations,43.292699,-84.944682,1,street_center,,"Stanton Rd",Stanton,MI,"Montcalm County",48888,US
"Hart Marathon 4220 W. Polk Rd. Hart, MI",49420,"Hart Marathon 4220 W. Polk Rd. Hart, MI 49420",rec_gas_stations,43.700831,-86.361279,1,street_center,,"Hart St",Hart,MI,"Oceana County",49420,US
"1198 S. Harrison East Lansing, MI",48823,"1198 S. Harrison East Lansing, MI 48823",rec_gas_stations,42.720418,-84.494044,1,range_interpolation,1198,"S Harrison Rd","East Lansing",MI,"Ingham County",48823,US
"Carriage Hills Marathon 3010 E. Lake Lansing Road East Lansing, MI",48823,"Carriage Hills Marathon 3010 E. Lake Lansing Road East Lansing, MI 48823",rec_gas_stations,42.763888,-84.458771,1,place,,,"East Lansing",MI,"Ingham County",48823,US
"2696 Chicago Drive SW Wyoming",49519,"2696 Chicago Drive SW Wyoming 49519",capital_big_highlight,42.925886,-85.732044,0.6,range_interpolation,2696,"Chicago Dr SW",Wyoming,MI,"Kent County",49519,US
"1619 Chicago Drive SW Wyoming",49519,"1619 Chicago Drive SW Wyoming 49519",factory,42.935619,-85.706837,0.6,range_interpolation,1619,"Chicago Dr SW",Wyoming,MI,"Kent County",49519,US
"604 Water Street Cassopolis",49031,"604 Water Street Cassopolis 49031",factory,41.908104,-86.006765,1,range_interpolation,604,"E Water St",Cassopolis,MI,"Cass County",49031,US
