<markers>
<marker name="J&amp;H Gas Station" address="6209 Lake Michigan Drive Allendale  MI 49401" lat="42.97255" lng="-85.9414" company="J&amp;H" type="Gas Station"/>
<marker name="J&amp;H Gas Station" address="4842 Port Sheldon Road Hudsonville 49426" lat="42.88504" lng="-85.9041" company="J&amp;H" type="Gas Station"/>
<marker name="J&amp;H Gas Station" address="6363 - 136th Street Holland  MI 49424" lat="42.88449" lng="-86.1234" company="J&amp;H" type="Gas Station"/>
<marker name="J&amp;H Gas Station" address="1991 Baldwin Jenison  MI 49428" lat="42.90732" lng="-85.8312" company="J&amp;H" type="Gas Station"/>
<marker name="J&amp;H Gas Station" address="8407 Cottonwood Jenison  MI 49428" lat="42.92102" lng="-85.8107" company="J&amp;H" type="Gas Station"/>
<marker name="J&amp;H Gas Station" address="2271 Port Sheldon Street Jenison  MI 49428" lat="42.88551" lng="-85.8363" company="J&amp;H" type="Gas Station"/>
<marker name="J&amp;H Gas Station" address="5 West Main Street Zeeland  MI 49464" lat="43.06287" lng="-85.929" company="J&amp;H" type="Gas Station"/>
<marker name="J&amp;H Gas Station" address="12575 Riley Street Holland  MI 49424" lat="42.82668" lng="-86.0925" company="J&amp;H" type="Gas Station"/>
<marker name="J&amp;H Gas Station" address="4200 32nd Ave. Hudsonville  MI 49426" lat="42.84882" lng="-85.8613" company="J&amp;H" type="Gas Station"/>
<marker name="J&amp;H Gas Station" address="6420 Byron Road Zeeland  MI 49464" lat="42.81183" lng="-85.9471" company="J&amp;H" type="Gas Station"/>
<marker name="J&amp;H Gas Station" address="4380 Kenowa Grandville  MI 49418" lat="42.88621" lng="-85.7821" company="J&amp;H" type="Gas Station"/>
<marker name="J&amp;H Gas Station" address="3434 Remembrance Rd. Walker  MI 49534" lat="42.99025" lng="-85.7528" company="J&amp;H" type="Gas Station"/>
<marker name="J&amp;H Gas Station" address="9673 Adams Street Holland  MI 49424" lat="42.80019" lng="-86.1206" company="J&amp;H" type="Gas Station"/>
<marker name="J&amp;H Gas Station" address="1140 Ottawa Beach Road Holland  MI 49424" lat="42.79399" lng="-86.1542" company="J&amp;H" type="Gas Station"/>
<marker name="J&amp;H Gas Station" address="2257 Chicago Drive SW Wyoming  MI 49519" lat="42.93154" lng="-85.7216" company="J&amp;H" type="Gas Station"/>
<marker name="J&amp;H Gas Station" address="1122 Lincoln Avenue Holland  MI 49423" lat="42.75912" lng="-86.0969" company="J&amp;H" type="Gas Station"/>
<marker name="J&amp;H Gas Station" address="1229 Walker NW Grand Rapids  MI 49504" lat="42.98158" lng="-85.7107" company="J&amp;H" type="Gas Station"/>
<marker name="J&amp;H Gas Station" address="5568 Byron Center Avenue Wyoming  MI 49519" lat="42.86326" lng="-85.723" company="J&amp;H" type="Gas Station"/>
<marker name="J&amp;H Gas Station" address="1760 Alpine Ave NW Grand Rapids  MI 49504" lat="42.99584" lng="-85.6882" company="J&amp;H" type="Gas Station"/>
<marker name="J&amp;H Gas Station" address="293 84th St SW Byron Center  MI 49315" lat="42.81187" lng="-85.6692" company="J&amp;H" type="Gas Station"/>
<marker name="J&amp;H Gas Station" address="4360 Lincoln Road Holland  MI 49423" lat="42.73353" lng="-86.0616" company="J&amp;H" type="Gas Station"/>
<marker name="J&amp;H Gas Station" address="335 Burton SW Grand Rapids  MI 49507" lat="42.92781" lng="-85.6748" company="J&amp;H" type="Gas Station"/>
<marker name="J&amp;H Gas Station" address="1196 E Sternberg Muskegon  MI 49444" lat="43.15445" lng="-86.216" company="J&amp;H" type="Gas Station"/>
<marker name="J&amp;H Gas Station" address="4404 Clyde Park Ave SW Wyoming  MI 49509" lat="42.88407" lng="-85.6844" company="J&amp;H" type="Gas Station"/>
<marker name="J&amp;H Gas Station" address="2171 Plainfield Rd. NE Grand Rapids  MI 49505" lat="43.00251" lng="-85.6541" company="J&amp;H" type="Gas Station"/>
<marker name="J&amp;H Gas Station" address="460 76th Street Byron Center  MI 49315" lat="42.82614" lng="-85.6744" company="J&amp;H" type="Gas Station"/>
<marker name="J&amp;H Gas Station" address="3604 Lincoln Road Hamilton  MI 49419" lat="42.68221" lng="-86.0108" company="J&amp;H" type="Gas Station"/>
<marker name="J&amp;H Gas Station" address="8501 Algoma Ave. NE Rockford  MI 49341" lat="43.1197" lng="-85.611" company="J&amp;H" type="Gas Station"/>
<marker name="J&amp;H Gas Station" address="1331 142nd Street Wayland  MI 49348" lat="42.72496" lng="-85.6743" company="J&amp;H" type="Gas Station"/>
<marker name="J&amp;H Gas Station" address="4919 Town Center Drive Grand Rapids  MI 49512" lat="42.85976" lng="-85.5454" company="J&amp;H" type="Gas Station"/>
<marker name="J&amp;H Gas Station" address="3620 14 Mile Road Cedar Springs  MI 49319" lat="43.17595" lng="-85.5141" company="J&amp;H" type="Gas Station"/>
<marker name="J&amp;H Gas Station" address="6485 Belding Road Rockford  MI 49341" lat="43.0864" lng="-85.5084" company="J&amp;H" type="Gas Station"/>
<marker name="J&amp;H Gas Station" address="11800 Northland Drive Rockford  MI 49319" lat="43.1802" lng="-85.551" company="J&amp;H" type="Gas Station"/>
<marker name="J&amp;H Gas Station" address="5536 Holton Road Twin Lake  MI 49457" lat="43.35571" lng="-86.1674" company="J&amp;H" type="Gas Station"/>
<marker name="J&amp;H Gas Station" address="4475 Alden Nash Ave. Lowell  MI 49331" lat="42.88054" lng="-85.3711" company="J&amp;H" type="Gas Station"/>
<marker name="J&amp;H Gas Station" address="432 Lincoln Lake Ave SE Vergennes Township  MI 49331" lat="42.95696" lng="-85.3544" company="J&amp;H" type="Gas Station"/>
<marker name="J&amp;H Gas Station" address="1190  116th Ave. Martin  MI 49070" lat="42.53699" lng="-85.6539" company="J&amp;H" type="Gas Station"/>
<marker name="J&amp;H Gas Station" address="31774 W. Cannonsville Road Pierson  MI 49339" lat="43.3378" lng="-85.4865" company="J&amp;H" type="Gas Station"/>
<marker name="J&amp;H Gas Station" address="580 West Shaw Howard City  MI 49329" lat="43.3957" lng="-85.4615" company="J&amp;H" type="Gas Station"/>
<marker name="J&amp;H Gas Station" address="19504 Edgar Road Howard City  MI 49329" lat="43.42489" lng="-85.4715" company="J&amp;H" type="Gas Station"/>
<marker name="J&amp;H Gas Station" address="319 W. Main Street Stanton  MI 48888" lat="43.29247" lng="-85.0851" company="J&amp;H" type="Gas Station"/>
<marker name="J&amp;H Gas Station" address="4220 W. Polk Rd. Hart  MI 49420" lat="43.68915" lng="-86.3813" company="J&amp;H" type="Gas Station"/>
<marker name="J&amp;H Gas Station" address="1198 S. Harrison East Lansing  MI 48823" lat="42.72042" lng="-84.494" company="J&amp;H" type="Gas Station"/>
<marker name="J&amp;H Gas Station" address="3010 E. Lake Lansing Road East Lansing  MI 48823" lat="42.75536" lng="-84.4627" company="J&amp;H" type="Gas Station"/>
<marker name="J&amp;H Headquarters" address="2696 Chicago Drive SW Wyoming 49519" lat="42.92589" lng="-85.732" company="J&amp;H" type="Headquarters"/>
<marker name="J&amp;H Bulk Plant" address="1619 Chicago Drive SW Wyoming 49519" lat="42.93562" lng="-85.7068" company="J&amp;H" type="Bulk Plant"/>
<marker name="J&amp;H Bulk Plant" address="604 Water Street Cassopolis 49031" lat="41.9081" lng="-86.0068" company="J&amp;H" type="Bulk Plant"/>
<marker name="Merle Boes Gas Station" address="3980 44th Street Grandville MI 49418" lat="42.88444" lng="-85.7619" company="Merle Boes" type="Gas Station"/>
<marker name="Merle Boes Gas Station" address="2035 Lake Michigan Dr  Grand Rapids MI 49504" lat="42.97159" lng="-85.7179" company="Merle Boes" type="Gas Station"/>
<marker name="Merle Boes Gas Station" address="3110 Plainfield Ave NE  Grand Rapids MI 49505" lat="43.01863" lng="-85.6394" company="Merle Boes" type="Gas Station"/>
<marker name="Merle Boes Gas Station" address="11372 East Lakewood Blvd Holland MI 49424" lat="42.80475" lng="-86.0725" company="Merle Boes" type="Gas Station"/>
<marker name="Merle Boes Gas Station" address="9170 US-31 West Olive MI 49460" lat="42.90046" lng="-86.2096" company="Merle Boes" type="Gas Station"/>
<marker name="Merle Boes Gas Station" address="2411 28th St SE  Grand Rapids MI 49512" lat="42.91279" lng="-85.608" company="Merle Boes" type="Gas Station"/>
<marker name="Merle Boes Gas Station" address="372 East Lakewood Blvd  Holland MI 49424" lat="42.8046" lng="-86.093" company="Merle Boes" type="Gas Station"/>
<marker name="Merle Boes Gas Station" address="543 Chicago Drive  Holland MI 49423" lat="42.79532" lng="-86.0841" company="Merle Boes" type="Gas Station"/>
<marker name="Merle Boes Gas Station" address="1169 East Beltline NE  Grand Rapids MI 49525" lat="42.98379" lng="-85.5909" company="Merle Boes" type="Gas Station"/>
<marker name="Merle Boes Gas Station" address="2560 East Beltline SE  Grand Rapids MI 49546" lat="42.91607" lng="-85.5839" company="Merle Boes" type="Gas Station"/>
<marker name="Merle Boes Gas Station" address="2808 East Beltline NE  Grand Rapids MI 49525" lat="43.01533" lng="-85.5899" company="Merle Boes" type="Gas Station"/>
<marker name="Merle Boes Gas Station" address="762 Cabill Ave Holland MI 49423" lat="42.74602" lng="-86.0733" company="Merle Boes" type="Gas Station"/>
<marker name="Merle Boes Gas Station" address="3416 M-40  Hamilton MI 49419" lat="42.69386" lng="-85.981" company="Merle Boes" type="Gas Station"/>
<marker name="Merle Boes Gas Station" address="9633 Cherry Valley Caledonia Mi 49316" lat="42.74516" lng="-85.5997" company="Merle Boes" type="Gas Station"/>
<marker name="Merle Boes Gas Station" address="3592 East Apple Ave.  Muskegon MI 49442" lat="43.23443" lng="-86.1572" company="Merle Boes" type="Gas Station"/>
<marker name="Merle Boes Gas Station" address="782 West Norton Ave  Muskegon MI 49441" lat="43.19093" lng="-86.2621" company="Merle Boes" type="Gas Station"/>
<marker name="Merle Boes Gas Station" address="409 East Main Street  Fennville MI 49408" lat="42.59444" lng="-86.1018" company="Merle Boes" type="Gas Station"/>
<marker name="Merle Boes Gas Station" address="403 West Main St Lowell MI 49331" lat="42.93507" lng="-85.3356" company="Merle Boes" type="Gas Station"/>
<marker name="Merle Boes Gas Station" address="1515 South Patterson Road Wayland MI 49348" lat="42.62841" lng="-85.544" company="Merle Boes" type="Gas Station"/>
<marker name="Merle Boes Gas Station" address="11300 W M-179 HWY Middleville MI 49333" lat="42.6316" lng="-85.5066" company="Merle Boes" type="Gas Station"/>
<marker name="Merle Boes Gas Station" address="176 Whitehall Rd North Muskegon MI 49445" lat="43.26644" lng="-86.2507" company="Merle Boes" type="Gas Station"/>
<marker name="Merle Boes Headquarters" address="11372 E Lakewood Blvd Holland MI 49424" lat="42.80475" lng="-86.0725" company="Merle Boes" type="Headquarters"/>
<marker name="Coyne Headquarters" address="914 West Pickard St. Mount Pleasant  MI 48858" lat="43.61189" lng="-84.7861" company="Coyne" type="Headquarters"/>
<marker name="Coyne Bulk Plant" address="4986 M-115 Cadillac  MI 49601" lat="44.33528" lng="-85.5491" company="Coyne" type="Bulk Plant"/>
<marker name="Coyne Bulk Plant" address="513 W Fifth St Clare  MI 48617" lat="43.82109" lng="-84.7778" company="Coyne" type="Bulk Plant"/>
<marker name="Coyne Bulk Plant" address="10089 US 10 Evart  MI 49631" lat="43.90035" lng="-85.2896" company="Coyne" type="Bulk Plant"/>
<marker name="Coyne Bulk Plant" address="136 N Midland St Merrill  MI 48637" lat="43.41033" lng="-84.3302" company="Coyne" type="Bulk Plant"/>
<marker name="Atlas Headquarters" address="24501 Ecorse Road Taylor  MI 48180" lat="42.25548" lng="-83.2747" company="Atlas" type="Headquarters"/>
<marker name="Atlas Bulk Plant" address="1001 Fulkerson Road Niles  MI 49120" lat="41.78359" lng="-86.2525" company="Atlas" type="Bulk Plant"/>
<marker name="Atlas Bulk Plant" address="2925 Airport Highway Toledo  OH 43609" lat="41.62747" lng="-83.6116" company="Atlas" type="Bulk Plant"/>
<marker name="Petersen Headquarters" address="6360 Greenville Road Greenville  MI 48838" lat="43.20121" lng="-85.2531" company="Petersen" type="Headquarters"/>
<marker name="Petersen Office" address="75 E Grand River Ave. Ionia  MI 48846" lat="42.8862" lng="-85.0723" company="Petersen" type="Office"/>
<marker name="Petersen Gas Station" address="6360 Greenville Road Greenville  MI 48838" lat="43.20121" lng="-85.2531" company="Petersen" type="Gas Station"/>
<marker name="Petersen Gas Station" address="75 E Grand River Ave. Ionia  MI 48846" lat="42.8862" lng="-85.0723" company="Petersen" type="Gas Station"/>
<marker name="Corrigan Bulk Plant" address="8057 Monroe Road Wheeler 48662" lat="43.40811" lng="-84.4491" company="Corrigan" type="Bulk Plant"/>
<marker name="Corrigan Bulk Plant" address="500 South Dix Detroit 48217" lat="42.29094" lng="-83.156" company="Corrigan" type="Bulk Plant"/>
<marker name="Corrigan Bulk Plant" address="7925 Napoleon Road Jackson 49201" lat="42.16457" lng="-84.263" company="Corrigan" type="Bulk Plant"/>
<marker name="Corrigan Bulk Plant" address="9050 MI State Road 52 Manchester 48158" lat="42.18901" lng="-84.0322" company="Corrigan" type="Bulk Plant"/>
<marker name="Corrigan Bulk Plant" address="11204 Cone Road Milan 48160" lat="42.03319" lng="-83.6855" company="Corrigan" type="Bulk Plant"/>
<marker name="Corrigan Bulk Plant" address="3057 Davenport Avenue Saginaw 48602" lat="43.43777" lng="-83.9815" company="Corrigan" type="Bulk Plant"/>
<marker name="Corrigan Bulk Plant" address="3015 Hill Avenue Toledo 43607" lat="41.63794" lng="-83.6143" company="Corrigan" type="Bulk Plant"/>
<marker name="Corrigan Bulk Plant" address="11818 Whitmore Lake Road Whitmore Lake 48189" lat="42.42991" lng="-83.769" company="Corrigan" type="Bulk Plant"/>
<marker name="Corrigan Bulk Plant" address="3810 11th Street Wyandotte 48192" lat="42.194" lng="-83.1664" company="Corrigan" type="Bulk Plant"/>
<marker name="Corrigan Headquarters" address="775 North 2nd Street Brighton 48116" lat="42.53612" lng="-83.7868" company="Corrigan" type="Headquarters"/>
<marker name="Corrigan Gas Station" address="3366 Holland Saginaw  MI 48601" lat="43.41456" lng="-83.8977" company="Corrigan" type="Gas Station"/>
<marker name="Corrigan Gas Station" address="4480 State Street Saginaw  MI 48602" lat="43.43689" lng="-84.004" company="Corrigan" type="Gas Station"/>
<marker name="Corrigan Gas Station" address="2791 Bay Road Saginaw  MI 48603" lat="43.44618" lng="-83.9756" company="Corrigan" type="Gas Station"/>
<marker name="Corrigan Gas Station" address="3670 East Washington Saginaw  MI 48601" lat="43.4504" lng="-83.8878" company="Corrigan" type="Gas Station"/>
<marker name="Corrigan Gas Station" address="408 South Michigan Avenue Saginaw  MI 48602" lat="43.41544" lng="-83.9668" company="Corrigan" type="Gas Station"/>
<marker name="Corrigan Gas Station" address="2303 Hess Street Saginaw  MI 48601" lat="43.40053" lng="-83.9359" company="Corrigan" type="Gas Station"/>
<marker name="Corrigan Gas Station" address="7015 Gratiot Saginaw  MI 48609" lat="43.41561" lng="-84.0522" company="Corrigan" type="Gas Station"/>
<marker name="Corrigan Gas Station" address="3540 State Street Saginaw  MI 48602" lat="43.4368" lng="-83.9912" company="Corrigan" type="Gas Station"/>
<marker name="Corrigan Gas Station" address="806 North Euclid Bay City  MI 48706" lat="43.61056" lng="-83.9147" company="Corrigan" type="Gas Station"/>
<marker name="Corrigan Gas Station" address="56 S tuscola Rd Bay City  MI 48708" lat="43.56391" lng="-83.8437" company="Corrigan" type="Gas Station"/>
<marker name="Corrigan Gas Station" address="1612 North West Avenue Jackson  MI 49202" lat="42.26711" lng="-84.4237" company="Corrigan" type="Gas Station"/>
<marker name="Corrigan Gas Station" address="3465 Page Ave Jackson  MI 49203" lat="42.23952" lng="-84.3533" company="Corrigan" type="Gas Station"/>
<marker name="Corrigan Gas Station" address="6010 Ann Arbor Road Jackson  MI 49201" lat="42.27731" lng="-84.311" company="Corrigan" type="Gas Station"/>
<marker name="Corrigan Gas Station" address="3930 Corunna Road Flint  MI 48532" lat="43.00227" lng="-83.7527" company="Corrigan" type="Gas Station"/>
<marker name="Corrigan Gas Station" address="8830 Main Street Birch Run  MI 48415" lat="43.25003" lng="-83.7798" company="Corrigan" type="Gas Station"/>
<marker name="Corrigan Gas Station" address="8010 N Dort Hwy Mt. Morris  MI 48458" lat="43.12003" lng="-83.676" company="Corrigan" type="Gas Station"/>
<marker name="Corrigan Gas Station" address="8340 Grand River Brighton  MI 48114" lat="42.56215" lng="-83.7921" company="Corrigan" type="Gas Station"/>
<marker name="Corrigan Gas Station" address="1500 South Opdyke Pontiac  MI 48341" lat="42.61822" lng="-83.2487" company="Corrigan" type="Gas Station"/>
<marker name="Corrigan Gas Station" address="15815 South Oakley Chesaning  MI 48616" lat="43.18859" lng="-84.1688" company="Corrigan" type="Gas Station"/>
<marker name="Corrigan Gas Station" address="105 West Saginaw Merrill  MI 48637" lat="43.4101" lng="-84.3313" company="Corrigan" type="Gas Station"/>
<marker name="Corrigan Gas Station" address="633 West Isabella Midland  MI 48640" lat="43.61072" lng="-84.3944" company="Corrigan" type="Gas Station"/>
<marker name="Corrigan Gas Station" address="551 West Columbia Street Mason  MI 48854" lat="42.58206" lng="-84.4517" company="Corrigan" type="Gas Station"/>
<marker name="Corrigan Gas Station" address="520 Pinconning Road Pinconning 48650  MI 48650" lat="43.85451" lng="-84.0658" company="Corrigan" type="Gas Station"/>
<marker name="Blarney Castle Gas Station" address="3003 Whitehall Rd Muskegon   MI 49445" lat="43.31791" lng="-86.2616" company="Blarney Castle" type="Gas Station"/>
<marker name="Blarney Castle Gas Station" address="5445 U.S. 10 Ludington   MI 49431" lat="43.95603" lng="-86.4161" company="Blarney Castle" type="Gas Station"/>
<marker name="Blarney Castle Gas Station" address="7640 U.S. 31 Alanson   MI 49706" lat="45.4399" lng="-84.7902" company="Blarney Castle" type="Gas Station"/>
<marker name="Blarney Castle Gas Station" address="4162 1st St Alba   MI 49611" lat="44.9749" lng="-84.9738" company="Blarney Castle" type="Gas Station"/>
<marker name="Blarney Castle Gas Station" address="1450 Bridge Ave Alma   MI 48801" lat="43.39297" lng="-84.6467" company="Blarney Castle" type="Gas Station"/>
<marker name="Blarney Castle Gas Station" address="6122 N State Rd Alma   MI 48801" lat="43.36833" lng="-84.6624" company="Blarney Castle" type="Gas Station"/>
<marker name="Blarney Castle Gas Station" address="2400 W Monroe Rd Alma   MI 48801" lat="43.40807" lng="-84.6539" company="Blarney Castle" type="Gas Station"/>
<marker name="Blarney Castle Gas Station" address="1035 W Chisholm St Alpena   MI 49707" lat="45.07142" lng="-83.444" company="Blarney Castle" type="Gas Station"/>
<marker name="Blarney Castle Gas Station" address="2222 U.S. 23 Alpena   MI 49707" lat="45.04431" lng="-83.4554" company="Blarney Castle" type="Gas Station"/>
<marker name="Blarney Castle Gas Station" address="1000 Hwy 32 Alpena   MI 49707" lat="45.0498" lng="-83.4449" company="Blarney Castle" type="Gas Station"/>
<marker name="Blarney Castle Gas Station" address="3623 Alpine Ave NW Comstock Park   MI 49321" lat="43.02975" lng="-85.6896" company="Blarney Castle" type="Gas Station"/>
<marker name="Blarney Castle Gas Station" address="1210 Michigan Ave Baldwin   MI 49304" lat="43.86492" lng="-85.8466" company="Blarney Castle" type="Gas Station"/>
<marker name="Blarney Castle Gas Station" address="1087 U.S. 31 Petoskey   MI 49770" lat="45.36992" lng="-84.9782" company="Blarney Castle" type="Gas Station"/>
<marker name="Blarney Castle Gas Station" address="12348 U.S. 31 Bear Lake   MI 49614" lat="44.43288" lng="-86.1279" company="Blarney Castle" type="Gas Station"/>
<marker name="Blarney Castle Gas Station" address="85 S Benzie Blvd Beulah   MI 49617" lat="44.63171" lng="-86.0921" company="Blarney Castle" type="Gas Station"/>
<marker name="Blarney Castle Gas Station" address="710 S State St Big Rapids   MI 49307" lat="43.70615" lng="-85.484" company="Blarney Castle" type="Gas Station"/>
<marker name="Blarney Castle Gas Station" address="9505 M-37 Baldwin   MI 49304" lat="43.92923" lng="-85.8408" company="Blarney Castle" type="Gas Station"/>
<marker name="Blarney Castle Gas Station" address="2568 U.S. 131 Boyne Falls   MI 49713" lat="45.16428" lng="-84.918" company="Blarney Castle" type="Gas Station"/>
<marker name="Blarney Castle Gas Station" address="4584 N High Bridge Rd Brethren   MI 49619" lat="44.30601" lng="-86.0213" company="Blarney Castle" type="Gas Station"/>
<marker name="Blarney Castle Gas Station" address="7586 N Woodbridge Rd White Cloud   MI 49349" lat="43.65529" lng="-85.8114" company="Blarney Castle" type="Gas Station"/>
<marker name="Blarney Castle Gas Station" address="1947 N Mitchell St Cadillac   MI 49601" lat="44.27817" lng="-85.4068" company="Blarney Castle" type="Gas Station"/>
<marker name="Blarney Castle Gas Station" address="6224 M-115 Cadillac   MI 49601" lat="44.33528" lng="-85.5491" company="Blarney Castle" type="Gas Station"/>
<marker name="Blarney Castle Gas Station" address="105 E Main St Carson City   MI 48811" lat="43.17682" lng="-84.8453" company="Blarney Castle" type="Gas Station"/>
<marker name="Blarney Castle Gas Station" address="1806 S Main St Central Lake   MI 49622" lat="45.06047" lng="-85.2642" company="Blarney Castle" type="Gas Station"/>
<marker name="Blarney Castle Gas Station" address="1460 Bridge St Charlevoix   MI 49720" lat="45.31247" lng="-85.2587" company="Blarney Castle" type="Gas Station"/>
<marker name="Blarney Castle Gas Station" address="12665 US-31 Charlevoix   MI 49720" lat="45.32748" lng="-85.2332" company="Blarney Castle" type="Gas Station"/>
<marker name="Blarney Castle Gas Station" address="365 US-31 Traverse City   MI 49685" lat="44.7658" lng="-85.6347" company="Blarney Castle" type="Gas Station"/>
<marker name="Blarney Castle Gas Station" address="10400 S Clare Ave Clare   MI 48617" lat="43.83725" lng="-84.7682" company="Blarney Castle" type="Gas Station"/>
<marker name="Blarney Castle Gas Station" address="3576 Heights Ravenna Rd Muskegon   MI 49444" lat="43.19044" lng="-86.1563" company="Blarney Castle" type="Gas Station"/>
<marker name="Blarney Castle Gas Station" address="5246 N Coleman Rd Coleman   MI 48618" lat="43.76534" lng="-84.5864" company="Blarney Castle" type="Gas Station"/>
<marker name="Blarney Castle Gas Station" address="4210 M-37 Baldwin   MI 49304" lat="43.92923" lng="-85.8408" company="Blarney Castle" type="Gas Station"/>
<marker name="Blarney Castle Gas Station" address="18866 Cadillac Hwy Copemish   MI 49625" lat="44.47535" lng="-85.9199" company="Blarney Castle" type="Gas Station"/>
<marker name="Blarney Castle Gas Station" address="7333 S Croton Hardy Dr Newaygo   MI 49337" lat="43.44902" lng="-85.6486" company="Blarney Castle" type="Gas Station"/>
<marker name="Blarney Castle Gas Station" address="2541 M-65 Curran   MI 48728" lat="44.70559" lng="-83.7875" company="Blarney Castle" type="Gas Station"/>
<marker name="Blarney Castle Gas Station" address="313 1st St Manistee   MI 49660" lat="44.24561" lng="-86.3185" company="Blarney Castle" type="Gas Station"/>
<marker name="Blarney Castle Gas Station" address="123 Pine St Spring Lake   MI 49456" lat="43.07731" lng="-86.2154" company="Blarney Castle" type="Gas Station"/>
<marker name="Blarney Castle Gas Station" address="18349 Hoxeyville Rd Wellston   MI 49689" lat="44.17925" lng="-85.9356" company="Blarney Castle" type="Gas Station"/>
<marker name="Blarney Castle Gas Station" address="651 Water St East Jordan   MI 49727" lat="45.15396" lng="-85.1399" company="Blarney Castle" type="Gas Station"/>
<marker name="Blarney Castle Gas Station" address="1st St 1st St Elk Rapids   MI 49629" lat="44.89394" lng="-85.4141" company="Blarney Castle" type="Gas Station"/>
<marker name="Blarney Castle Gas Station" address="2400 US-131 Elmira   MI 49730" lat="45.06549" lng="-84.8979" company="Blarney Castle" type="Gas Station"/>
<marker name="Blarney Castle Gas Station" address="9988 W Front St Empire   MI 49630" lat="44.81127" lng="-86.0543" company="Blarney Castle" type="Gas Station"/>
<marker name="Blarney Castle Gas Station" address="310 W 7th St Evart   MI 49631" lat="43.90041" lng="-85.2621" company="Blarney Castle" type="Gas Station"/>
<marker name="Blarney Castle Gas Station" address="567 E Houghton Lake Dr Denton Township   MI 48651" lat="44.31414" lng="-84.6314" company="Blarney Castle" type="Gas Station"/>
<marker name="Blarney Castle Gas Station" address="4946 Garfield Rd Kingsley   MI 49649" lat="44.6139" lng="-85.5261" company="Blarney Castle" type="Gas Station"/>
<marker name="Blarney Castle Gas Station" address="2421 Manistee Hwy Manistee   MI 49660" lat="44.22274" lng="-86.3065" company="Blarney Castle" type="Gas Station"/>
<marker name="Blarney Castle Gas Station" address="629 Main St Frankfort   MI 49635" lat="44.63261" lng="-86.2373" company="Blarney Castle" type="Gas Station"/>
<marker name="Blarney Castle Gas Station" address="1028 W Main St Fremont   MI 49412" lat="43.46704" lng="-85.9622" company="Blarney Castle" type="Gas Station"/>
<marker name="Blarney Castle Gas Station" address="2678 S Otsego Ave Gaylord   MI 49735" lat="44.99357" lng="-84.677" company="Blarney Castle" type="Gas Station"/>
<marker name="Blarney Castle Gas Station" address="1 S Beacon Blvd Grand Haven   MI 49417" lat="43.06072" lng="-86.2207" company="Blarney Castle" type="Gas Station"/>
<marker name="Blarney Castle Gas Station" address="608 Cedar St Grayling   MI 49738" lat="44.66052" lng="-84.7134" company="Blarney Castle" type="Gas Station"/>
<marker name="Blarney Castle Gas Station" address="608 S James St Grayling   MI 49738" lat="44.66052" lng="-84.7134" company="Blarney Castle" type="Gas Station"/>
<marker name="Blarney Castle Gas Station" address="115 E Washington St Greenville   MI 48838" lat="43.17729" lng="-85.2518" company="Blarney Castle" type="Gas Station"/>
<marker name="Blarney Castle Gas Station" address="3473 M-119 Harbor Springs   MI 49740" lat="45.43168" lng="-84.992" company="Blarney Castle" type="Gas Station"/>
<marker name="Blarney Castle Gas Station" address="105 Franklin St Harbor Springs   MI 49740" lat="45.44203" lng="-84.9906" company="Blarney Castle" type="Gas Station"/>
<marker name="Blarney Castle Gas Station" address="7701 S State St Harbor Springs   MI 49740" lat="45.44667" lng="-84.9904" company="Blarney Castle" type="Gas Station"/>
<marker name="Blarney Castle Gas Station" address="5778 N Clare Ave Harrison   MI 48625" lat="44.06911" lng="-84.7977" company="Blarney Castle" type="Gas Station"/>
<marker name="Blarney Castle Gas Station" address="701 N 1st St Harrison   MI 48625" lat="44.0263" lng="-84.8037" company="Blarney Castle" type="Gas Station"/>
<marker name="Blarney Castle Gas Station" address="449 US 23 Harrisville   MI 48740" lat="44.6386" lng="-83.3067" company="Blarney Castle" type="Gas Station"/>
<marker name="Blarney Castle Gas Station" address="223 N State St Hart   MI 49420" lat="43.70481" lng="-86.3635" company="Blarney Castle" type="Gas Station"/>
<marker name="Blarney Castle Gas Station" address="4279 W Polk Rd Hart   MI 49420" lat="43.68887" lng="-86.3822" company="Blarney Castle" type="Gas Station"/>
<marker name="Blarney Castle Gas Station" address="11 N Division St Hesperia   MI 49421" lat="43.56884" lng="-86.0398" company="Blarney Castle" type="Gas Station"/>
<marker name="Blarney Castle Gas Station" address="12481 James St Holland   MI 49424" lat="42.81218" lng="-86.0893" company="Blarney Castle" type="Gas Station"/>
<marker name="Blarney Castle Gas Station" address="5175 W Houghton Lake Dr Houghton Lake   MI 48629" lat="44.30007" lng="-84.7423" company="Blarney Castle" type="Gas Station"/>
<marker name="Blarney Castle Gas Station" address="4524 S Straits Hwy Indian River   MI 49749" lat="45.37399" lng="-84.6296" company="Blarney Castle" type="Gas Station"/>
<marker name="Blarney Castle Gas Station" address="6220 M-68 Indian River   MI 49749" lat="45.44721" lng="-84.578" company="Blarney Castle" type="Gas Station"/>
<marker name="Blarney Castle Gas Station" address="9419 U.S. 31 Interlochen   MI 49643" lat="44.65894" lng="-85.8162" company="Blarney Castle" type="Gas Station"/>
<marker name="Blarney Castle Gas Station" address="5456 West 10 1/2 Mile Road Irons   MI 49644" lat="44.14049" lng="-85.9119" company="Blarney Castle" type="Gas Station"/>
<marker name="Blarney Castle Gas Station" address="1427 E Washington Rd Ithaca   MI 48847" lat="43.2918" lng="-84.5763" company="Blarney Castle" type="Gas Station"/>
<marker name="Blarney Castle Gas Station" address="1420 E Center St Ithaca   MI 48847" lat="43.2915" lng="-84.5927" company="Blarney Castle" type="Gas Station"/>
<marker name="Blarney Castle Gas Station" address="14210 9 Mile Rd Kaleva   MI 49645" lat="44.37793" lng="-86.0412" company="Blarney Castle" type="Gas Station"/>
<marker name="Blarney Castle Gas Station" address="414 N Main St Lake City   MI 49651" lat="44.33815" lng="-85.2146" company="Blarney Castle" type="Gas Station"/>
<marker name="Blarney Castle Gas Station" address="3206 W Saginaw St Lansing   MI 48917" lat="42.74122" lng="-84.5924" company="Blarney Castle" type="Gas Station"/>
<marker name="Blarney Castle Gas Station" address="7404 W Saginaw Hwy Lansing   MI 48917" lat="42.7412" lng="-84.66" company="Blarney Castle" type="Gas Station"/>
<marker name="Blarney Castle Gas Station" address="6300 W St Joe Hwy Lansing   MI 48917" lat="42.72673" lng="-84.6399" company="Blarney Castle" type="Gas Station"/>
<marker name="Blarney Castle Gas Station" address="1700 S Waverly Rd Lansing   MI 48917" lat="42.71365" lng="-84.603" company="Blarney Castle" type="Gas Station"/>
<marker name="Blarney Castle Gas Station" address="5985 US-10 Ludington   MI 49431" lat="43.956" lng="-86.4277" company="Blarney Castle" type="Gas Station"/>
<marker name="Blarney Castle Gas Station" address="608 S Williams St Mancelona   MI 49659" lat="44.89537" lng="-85.0684" company="Blarney Castle" type="Gas Station"/>
<marker name="Blarney Castle Gas Station" address="216 W Kipp Rd Mason   MI 48854" lat="42.56757" lng="-84.4403" company="Blarney Castle" type="Gas Station"/>
<marker name="Blarney Castle Gas Station" address="445 W Mesick Ave Mesick   MI 49668" lat="44.40581" lng="-85.7244" company="Blarney Castle" type="Gas Station"/>
<marker name="Blarney Castle Gas Station" address="5300 W Cleveland Rd Middleton   MI 48856" lat="43.17612" lng="-84.751" company="Blarney Castle" type="Gas Station"/>
<marker name="Blarney Castle Gas Station" address="509 Munson Ave Traverse City   MI 49686" lat="44.75688" lng="-85.5757" company="Blarney Castle" type="Gas Station"/>
<marker name="Blarney Castle Gas Station" address="1911 S Mission St Mt Pleasant   MI 48858" lat="43.588" lng="-84.7674" company="Blarney Castle" type="Gas Station"/>
<marker name="Blarney Castle Gas Station" address="718 S Mission St Mt Pleasant   MI 48858" lat="43.59736" lng="-84.7677" company="Blarney Castle" type="Gas Station"/>
<marker name="Blarney Castle Gas Station" address="5612 E Pickard Rd Mt Pleasant   MI 48858" lat="43.61135" lng="-84.7317" company="Blarney Castle" type="Gas Station"/>
<marker name="Blarney Castle Gas Station" address="401 M-28 Munising   MI 49862" lat="46.41106" lng="-86.6479" company="Blarney Castle" type="Gas Station"/>
<marker name="Blarney Castle Gas Station" address="68 State Rd Newaygo   MI 49337" lat="43.41905" lng="-85.8013" company="Blarney Castle" type="Gas Station"/>
<marker name="Blarney Castle Gas Station" address="1385 Holton Rd Muskegon   MI 49445" lat="43.27782" lng="-86.2359" company="Blarney Castle" type="Gas Station"/>
<marker name="Blarney Castle Gas Station" address="3416 Henry St Muskegon   MI 49441" lat="43.19058" lng="-86.2633" company="Blarney Castle" type="Gas Station"/>
<marker name="Blarney Castle Gas Station" address="11956 Cleveland St Nunica   MI 49448" lat="43.074" lng="-86.0856" company="Blarney Castle" type="Gas Station"/>
<marker name="Blarney Castle Gas Station" address="48 S Coleman Rd Mt Pleasant   MI 48858" lat="43.60762" lng="-84.5882" company="Blarney Castle" type="Gas Station"/>
<marker name="Blarney Castle Gas Station" address="11596 US-23 Sanborn Township   MI 49766" lat="44.90932" lng="-83.4429" company="Blarney Castle" type="Gas Station"/>
<marker name="Blarney Castle Gas Station" address="1021 E Parkdale Ave Manistee   MI 49660" lat="44.27062" lng="-86.2833" company="Blarney Castle" type="Gas Station"/>
<marker name="Blarney Castle Gas Station" address="945 Butternut Dr Holland   MI 49424" lat="42.82671" lng="-86.1342" company="Blarney Castle" type="Gas Station"/>
<marker name="Blarney Castle Gas Station" address="5667 Pleasantview Rd Harbor Springs   MI 49740" lat="45.46663" lng="-84.9131" company="Blarney Castle" type="Gas Station"/>
<marker name="Blarney Castle Gas Station" address="10706 Michigan Ave Posen   MI 49776" lat="45.26809" lng="-83.699" company="Blarney Castle" type="Gas Station"/>
<marker name="Blarney Castle Gas Station" address="2403 W Houghton Lake Dr Denton Township   MI 48651" lat="44.29852" lng="-84.6852" company="Blarney Castle" type="Gas Station"/>
<marker name="Blarney Castle Gas Station" address="8227 Rapid City Rd NW Rapid City   MI 49676" lat="44.83456" lng="-85.2829" company="Blarney Castle" type="Gas Station"/>
<marker name="Blarney Castle Gas Station" address="22522 U.S. 10 Reed City   MI 49677" lat="43.88761" lng="-85.533" company="Blarney Castle" type="Gas Station"/>
<marker name="Blarney Castle Gas Station" address="3559 W Wheatland Ave Remus   MI 49340" lat="43.59668" lng="-85.149" company="Blarney Castle" type="Gas Station"/>
<marker name="Blarney Castle Gas Station" address="912 S Main St Cheboygan   MI 49721" lat="45.62925" lng="-84.4794" company="Blarney Castle" type="Gas Station"/>
<marker name="Blarney Castle Gas Station" address="101 S Bradley Hwy Rogers City   MI 49779" lat="45.41026" lng="-83.8251" company="Blarney Castle" type="Gas Station"/>
<marker name="Blarney Castle Gas Station" address="619 S Bennett St Rose City   MI 48654" lat="44.41522" lng="-84.1161" company="Blarney Castle" type="Gas Station"/>
<marker name="Blarney Castle Gas Station" address="423 US-10 Scottville   MI 49454" lat="43.95498" lng="-86.2724" company="Blarney Castle" type="Gas Station"/>
<marker name="Blarney Castle Gas Station" address="6037 30th Ave Sears   MI 49679" lat="43.90134" lng="-85.1478" company="Blarney Castle" type="Gas Station"/>
<marker name="Blarney Castle Gas Station" address="550 E Wright Ave Shepherd   MI 48883" lat="43.52408" lng="-84.6852" company="Blarney Castle" type="Gas Station"/>
<marker name="Blarney Castle Gas Station" address="130 S Main St Sheridan   MI 48884" lat="43.21091" lng="-85.0738" company="Blarney Castle" type="Gas Station"/>
<marker name="Blarney Castle Gas Station" address="210 E Spruce St Sault Ste. Marie   MI 49783" lat="46.49685" lng="-84.3455" company="Blarney Castle" type="Gas Station"/>
<marker name="Blarney Castle Gas Station" address="709 W 3 Mile Rd Sault Ste. Marie   MI 49783" lat="46.46321" lng="-84.3732" company="Blarney Castle" type="Gas Station"/>
<marker name="Blarney Castle Gas Station" address="5028 Main St Onekama   MI 49675" lat="44.3628" lng="-86.2005" company="Blarney Castle" type="Gas Station"/>
<marker name="Blarney Castle Gas Station" address="3600 S US 27 St Johns   MI 48879" lat="42.9659" lng="-84.5425" company="Blarney Castle" type="Gas Station"/>
<marker name="Blarney Castle Gas Station" address="1801 Old U.S. 27 St Johns   MI 48879" lat="42.94299" lng="-84.5431" company="Blarney Castle" type="Gas Station"/>
<marker name="Blarney Castle Gas Station" address="200 S State St St Ignace   MI 49781" lat="45.86808" lng="-84.7247" company="Blarney Castle" type="Gas Station"/>
<marker name="Blarney Castle Gas Station" address="917 U.S. 2 Saint Ignace   MI 49781" lat="45.85667" lng="-84.7343" company="Blarney Castle" type="Gas Station"/>
<marker name="Blarney Castle Gas Station" address="101 E State St Scottville   MI 49454" lat="43.95468" lng="-86.2781" company="Blarney Castle" type="Gas Station"/>
<marker name="Blarney Castle Gas Station" address="315 E Parkdale Ave Manistee   MI 49660" lat="44.26863" lng="-86.2958" company="Blarney Castle" type="Gas Station"/>
<marker name="Blarney Castle Gas Station" address="5260 Main St Onekama   MI 49675" lat="44.36153" lng="-86.1965" company="Blarney Castle" type="Gas Station"/>
<marker name="Blarney Castle Gas Station" address="2925 Cass Rd Traverse City   MI 49684" lat="44.72692" lng="-85.626" company="Blarney Castle" type="Gas Station"/>
<marker name="Blarney Castle Gas Station" address="528 W Fourteenth St Traverse City   MI 49684" lat="44.69396" lng="-85.6763" company="Blarney Castle" type="Gas Station"/>
<marker name="Blarney Castle Gas Station" address="20027 180th Ave Tustin   MI 49688" lat="44.10345" lng="-85.4444" company="Blarney Castle" type="Gas Station"/>
<marker name="Blarney Castle Gas Station" address="8534 Mill St Vanderbilt   MI 49795" lat="45.14683" lng="-84.6644" company="Blarney Castle" type="Gas Station"/>
<marker name="Blarney Castle Gas Station" address="10553 N Old 27 Gaylord   MI 49735" lat="45.17991" lng="-84.6732" company="Blarney Castle" type="Gas Station"/>
<marker name="Blarney Castle Gas Station" address="3011 N Woodruff Rd Weidman   MI 48893" lat="43.6834" lng="-84.9686" company="Blarney Castle" type="Gas Station"/>
<marker name="Blarney Castle Gas Station" address="11240 W Olive Rd Grand Haven   MI 49417" lat="43.00126" lng="-86.2005" company="Blarney Castle" type="Gas Station"/>
<marker name="Blarney Castle Gas Station" address="7961 S Winn Rd Mt Pleasant   MI 48858" lat="43.58813" lng="-84.9077" company="Blarney Castle" type="Gas Station"/>
<marker name="Blarney Castle Headquarters" address="12218 West Street Bear Lake MI 49614" lat="44.42009" lng="-86.1511" company="Blarney Castle" type="Headquarters"/>
<marker name="Blarney Castle Bulk Plant" address="2222 US 23 South Alpena MI 49707" lat="45.04431" lng="-83.4554" company="Blarney Castle" type="Bulk Plant"/>
<marker name="Blarney Castle Bulk Plant" address="6416 Riggsville Road Cheboygan MI 49721" lat="45.57703" lng="-84.6248" company="Blarney Castle" type="Bulk Plant"/>
<marker name="Blarney Castle Bulk Plant" address="2685 Holton Road North Muskegon MI 49445" lat="43.3037" lng="-86.193" company="Blarney Castle" type="Bulk Plant"/>
<marker name="Blarney Castle Bulk Plant" address="7245 South Rapid City Road Rapid City MI 49676" lat="44.81972" lng="-85.283" company="Blarney Castle" type="Bulk Plant"/>
<marker name="Blarney Castle Bulk Plant" address="22522 US 10 Reed City MI 49677" lat="43.88761" lng="-85.533" company="Blarney Castle" type="Bulk Plant"/>
<marker name="Blarney Castle Bulk Plant" address="578 W US 10 Scottville MI 49454" lat="43.95467" lng="-86.2705" company="Blarney Castle" type="Bulk Plant"/>
<marker name="Blarney Castle Bulk Plant" address="10827 E Carter Road Traverse City MI 49684" lat="44.78077" lng="-85.6408" company="Blarney Castle" type="Bulk Plant"/>
<marker name="Van Manen Pacific Pride Cardlock" address="1811 Armstrong Street Portage  IN 46368" lat="41.59959" lng="-87.1727" company="Van Manen" type="Pacific Pride Cardlock"/>
<marker name="Van Manen Pacific Pride Cardlock" address="1177 Lincoln Road Allegan  MI 49010" lat="42.50435" lng="-85.7993" company="Van Manen" type="Pacific Pride Cardlock"/>
<marker name="Van Manen Pacific Pride Cardlock" address="2200 West Dickman Road Battle Creek  MI 49037" lat="42.31878" lng="-85.2218" company="Van Manen" type="Pacific Pride Cardlock"/>
<marker name="Van Manen Pacific Pride Cardlock" address="7599 Clyde Park SW Byron Center  MI 49315" lat="42.81805" lng="-85.6813" company="Van Manen" type="Pacific Pride Cardlock"/>
<marker name="Van Manen Pacific Pride Cardlock" address="15652 68th Ave Coopersville  MI 49404" lat="43.04568" lng="-85.9566" company="Van Manen" type="Pacific Pride Cardlock"/>
<marker name="Van Manen Pacific Pride Cardlock" address="3744 3 Mile Rd NW Grand Rapids  MI 49544-1234" lat="42.99383" lng="-85.7451" company="Van Manen" type="Pacific Pride Cardlock"/>
<marker name="Van Manen Pacific Pride Cardlock" address="150 Pleasant St SW Grand Rapids  MI 49503" lat="42.95325" lng="-85.6706" company="Van Manen" type="Pacific Pride Cardlock"/>
<marker name="Van Manen Pacific Pride Cardlock" address="3611 Eastern SE Grand Rapids  MI 49508" lat="42.89806" lng="-85.6464" company="Van Manen" type="Pacific Pride Cardlock"/>
<marker name="Van Manen Headquarters" address="O-305 Lake Michigan Dr Grand Rapids  MI 49534" lat="42.96444" lng="-85.7872" company="Van Manen" type="Headquarters"/>
<marker name="Van Manen Pacific Pride Cardlock" address="2763 Madison SE Grand Rapids  MI 49507" lat="42.91333" lng="-85.6571" company="Van Manen" type="Pacific Pride Cardlock"/>
<marker name="Van Manen Pacific Pride Cardlock" address="2400 Turner Ave NW Grand Rapids  MI 49544" lat="43.00688" lng="-85.6789" company="Van Manen" type="Pacific Pride Cardlock"/>
<marker name="Van Manen Pacific Pride Cardlock" address="4245 Corporate Exchange Dr Hudsonville  MI 49426" lat="42.84589" lng="-85.8556" company="Van Manen" type="Pacific Pride Cardlock"/>
<marker name="Van Manen Pacific Pride Cardlock" address="2353 Wilshere Jenison  MI 49428" lat="42.88926" lng="-85.8406" company="Van Manen" type="Pacific Pride Cardlock"/>
<marker name="Van Manen Pacific Pride Cardlock" address="3320 Ravine Road Kalamazoo  MI 49006" lat="42.31466" lng="-85.6305" company="Van Manen" type="Pacific Pride Cardlock"/>
<marker name="Van Manen Pacific Pride Cardlock" address="3821 Stadium Drive Kalamazoo  MI 49008" lat="42.27067" lng="-85.6383" company="Van Manen" type="Pacific Pride Cardlock"/>
<marker name="Van Manen Pacific Pride Cardlock" address="4121 36th St SE  Kentwood  MI 49512" lat="42.89819" lng="-85.5656" company="Van Manen" type="Pacific Pride Cardlock"/>
<marker name="Van Manen Pacific Pride Cardlock" address="11630 E. Fulton St Lowell  MI 49331" lat="42.92987" lng="-85.3841" company="Van Manen" type="Pacific Pride Cardlock"/>
<marker name="Van Manen Pacific Pride Cardlock" address="1613 North Main Martin  MI 49070" lat="42.53771" lng="-85.6415" company="Van Manen" type="Pacific Pride Cardlock"/>
<marker name="Van Manen Pacific Pride Cardlock" address="1198 M-89 Plainwell  MI 49080" lat="42.45007" lng="-85.66" company="Van Manen" type="Pacific Pride Cardlock"/>
<marker name="Van Manen Pacific Pride Cardlock" address="72400 County Road 388 South Haven  MI 49090" lat="42.40309" lng="-86.2736" company="Van Manen" type="Pacific Pride Cardlock"/>
<marker name="Van Manen Pacific Pride Cardlock" address="5755 Clay Ave Wyoming  MI 49548" lat="42.85969" lng="-85.6764" company="Van Manen" type="Pacific Pride Cardlock"/>
<marker name="Van Manen Pacific Pride Cardlock" address="3454 12th Street Wayland  MI 49348" lat="42.6718" lng="-85.662" company="Van Manen" type="Pacific Pride Cardlock"/>
<marker name="Van Manen Pacific Pride Cardlock" address="150 Pleasant St SW Grand Rapids MI 49503" lat="42.95325" lng="-85.6706" company="Van Manen" type="Pacific Pride Cardlock"/>
<marker name="Foster Blue Water Headquarters" address="36065 Water Street Richmond  MI 48062" lat="42.83891" lng="-82.7996" company="Foster Blue Water" type="Headquarters"/>
<marker name="Foster Blue Water Bulk Plant" address="69120 Foster Road Richmond  MI 48062" lat="43.12146" lng="-83.3196" company="Foster Blue Water" type="Bulk Plant"/>
<marker name="Foster Blue Water Bulk Plant" address="448 Country Center Lapeer  MI 48446" lat="43.34302" lng="-83.8323" company="Foster Blue Water" type="Bulk Plant"/>
<marker name="Foster Blue Water Bulk Plant" address="6101 Baron Drive Bridgeport  MI 48722" lat="43.7378" lng="-83.9333" company="Foster Blue Water" type="Bulk Plant"/>
<marker name="Foster Blue Water Bulk Plant" address="1694 Marquette Avenue Bay City  MI 48707" lat="43.00147" lng="-84.8439" company="Foster Blue Water" type="Bulk Plant"/>
<marker name="Foster Blue Water Bulk Plant" address="326 East Main Street Pewamo  MI 48873" lat="43.60666" lng="-84.2287" company="Foster Blue Water" type="Bulk Plant"/>
<marker name="Foster Blue Water Bulk Plant" address="1602 East Grove Midland  MI 48640" lat="44.06241" lng="-84.8039" company="Foster Blue Water" type="Bulk Plant"/>
<marker name="Foster Blue Water Bulk Plant" address="5180 North Clare Harrison  MI 48625" lat="44.27662" lng="-84.0774" company="Foster Blue Water" type="Bulk Plant"/>
<marker name="Foster Blue Water Bulk Plant" address="1985 West Tawas Road West Branch  MI 48661" lat="44.64528" lng="-84.13" company="Foster Blue Water" type="Bulk Plant"/>
<marker name="Foster Blue Water Bulk Plant" address="308 South Morenci Avenue Mio  MI 48647" lat="43.21258" lng="-82.5276" company="Foster Blue Water" type="Bulk Plant"/>
<marker name="Foster Blue Water Bulk Plant" address="7430 South Lakeshore Dr Lexington  MI 48450" lat="42.81201" lng="-82.7529" company="Foster Blue Water" type="Bulk Plant"/>
<marker name="Foster Blue Water Pacific Pride Cardlock" address="4565 Gratiot Road Smiths Creek  MI 48074" lat="42.90947" lng="-82.5005" company="Foster Blue Water" type="Pacific Pride Cardlock"/>
<marker name="Foster Blue Water Pacific Pride Cardlock" address="37150 31 Mile Road Richmond  MI 48062" lat="42.83891" lng="-82.7996" company="Foster Blue Water" type="Pacific Pride Cardlock"/>
<marker name="Foster Blue Water Pacific Pride Cardlock" address="2319 24th Street Port Huron  MI 48060" lat="42.9584" lng="-82.4521" company="Foster Blue Water" type="Pacific Pride Cardlock"/>
<marker name="Foster Blue Water Pacific Pride Cardlock" address="4664 24th Avenue Fort Gratiot  MI 48059" lat="43.04373" lng="-82.4568" company="Foster Blue Water" type="Pacific Pride Cardlock"/>
<marker name="Foster Blue Water Pacific Pride Cardlock" address="6040 King Road Marine City  MI 48039" lat="42.72747" lng="-82.5101" company="Foster Blue Water" type="Pacific Pride Cardlock"/>
<marker name="Foster Blue Water Pacific Pride Cardlock" address="2288 Refinery Rd. West Branch  MI 48661" lat="44.26937" lng="-84.2307" company="Foster Blue Water" type="Pacific Pride Cardlock"/>
<marker name="Foster Blue Water Pacific Pride Cardlock" address="5170 N Clare Ave Harrison  MI 48625" lat="44.0623" lng="-84.804" company="Foster Blue Water" type="Pacific Pride Cardlock"/>
<marker name="Foster Blue Water Pacific Pride Cardlock" address="2278 N Meridian Sanford  MI 48657" lat="43.67797" lng="-84.3683" company="Foster Blue Water" type="Pacific Pride Cardlock"/>
<marker name="Foster Blue Water Pacific Pride Cardlock" address="1920 James Savage Rd. Midland  MI 48642" lat="43.61089" lng="-84.2064" company="Foster Blue Water" type="Pacific Pride Cardlock"/>
<marker name="Foster Blue Water Pacific Pride Cardlock" address="1602 East Grove St Midland  MI 48640" lat="43.60666" lng="-84.2287" company="Foster Blue Water" type="Pacific Pride Cardlock"/>
<marker name="Foster Blue Water Pacific Pride Cardlock" address="3200 Capac Rd Capac  MI 48014" lat="42.98501" lng="-82.9275" company="Foster Blue Water" type="Pacific Pride Cardlock"/>
</markers>